íšŒì‚¬ëª…,ê³ ìš© í˜•íƒœ,ìŠ¤í‚¬,ê¸°ì—… ì†Œê°œ,ì£¼ìš” ì—…ë¬´,ì±„ìš© ì ˆì°¨,ë³µë¦¬í›„ìƒ,íšŒì‚¬ìœ„ì¹˜,ìžê²©ìš”ê±´ ë° ìš°ëŒ€ì‚¬í•­,index
í”¼ì•Œê²Œì´íŠ¸(ì£¼),ì •ê·œì§,"['í™ë³´', 'ë””ì§€í„¸ë§ˆì¼€íŒ…', 'ì˜¨ë¼ì¸ë§ˆì¼€íŒ…', 'ì–¸ë¡ í™ë³´', 'ë¸Œëžœë“œë§ˆì¼€íŒ…', 'ë§ˆì¼€íŒ…ê¸°íš']","PRGATEëŠ” 1999ë…„ ì„¤ë¦½ë˜ì—ˆìœ¼ë©°, 2022ë…„ Deloitteì™€ ì „ëžµì  ì¸ìˆ˜ í•©ë³‘ì„ í†µí•´ Professional Service Firmìœ¼ë¡œ ì„±ìž¥ì„ ì£¼ë„í•˜ê³  ìžˆëŠ” Brand Communication Firmìž…ë‹ˆë‹¤.  

PRGATEëŠ” êµ­ë‚´ì™¸ ê¸°ì—…, ë‹¨ì²´, ê¸°ê´€ì„ ëŒ€ìƒìœ¼ë¡œ ì–¸ë¡  í™ë³´, íƒ€ê²Ÿ ë§ˆì¼€íŒ…, íˆ¬ìžìž í™ë³´, ìœ„ê¸° ê´€ë¦¬, ì˜¨ë¼ì¸ ì„œë¹„ìŠ¤(ì˜¨ë¼ì¸ ë§ˆì¼€íŒ… / ì˜¨ë¼ì¸ í™ë³´ / ì˜¨ë¼ì¸ ê´‘ê³ ), ë§ˆì¼“ ë¦¬ì„œì¹˜, í”„ë¡œëª¨ì…˜ ë° í–‰ì‚¬ ê°œë°œ, ì˜ìƒì»¨í…ì¸  ì„œë¹„ìŠ¤ ë“± í™ë³´ ì„œë¹„ìŠ¤ì™€ ê´‘ê³ , í”„ë¡œëª¨ì…˜ì„ ê¸°íš ì§„í–‰í•˜ê³  ìžˆìŠµë‹ˆë‹¤.  

PRGATEì˜ í™ë³´ clientëŠ” ë™ì•„ì œì•½, ì˜¤ì˜ëª°, ë½í† ë°”ì´ë¸Œ, í’€ë¬´ì›ë‹¤ë…¼, ì•¡í‹°ë¹„ì•„, í’€ë¬´ì› ì§€êµ¬ì‹ë‹¨, í¬íŠ¸ë„˜ì•¤ë©”ì´ìŠ¨, ë‹¥í„°ë³¼í”„ì½”ë¦¬ì•„, í”Œëž€íˆ¬ì–´, ì•ŒíŽ˜ì‹ , ë””ëž™ìŠ¤, ë¸”ëž™ì•¤ë°ì»¤, ìŠ¤íƒ ë¦¬, ë””ì›”íŠ¸, ë°”ì´ì–´ìŠ¤ë„ë¥´í”„ì½”ë¦¬ì•„, ë‹ˆë² ì•„, ë¡¯ë°ë„¤ìŠ¬ëŸ¬, ë„¤ìŠ¤ì¹´íŽ˜, í“¨ë¦¬ë‚˜, ì‚¬ë…¸í”¼ì•„ë²¤í‹°ìŠ¤ì½”ë¦¬ì•„, ì•Œë ˆê·¸ë¼, ë‘˜ì½”ë½ìŠ¤, ë¸Œë ˆë¹Œ, íœ´ì ¤, ë‹¤ìž„ëŸ¬íŠ¸ëŸ­ì½”ë¦¬ì•„, ê²½ë™ë‚˜ë¹„ì—”, ê³¨í”„ì¡´, íŒŒì¸ë¹„ì¹˜ ë“± ìž…ë‹ˆë‹¤.  
( ìžì„¸í•œ íšŒì‚¬ ì†Œê°œëŠ” ë‹¹ì‚¬ í™ˆíŽ˜ì´ì§€  ì°¸ì¡° www.prgate.com )", IMC ìº íŽ˜ì¸ ê¸°íš ë° ì‹¤í–‰  ì»¤ë®¤ë‹ˆì¼€ì´ì…˜ ì „ëžµ ìˆ˜ë¦½ ë° ì‹¤í–‰  ë¯¸ë””ì–´ í”Œëž˜ë‹ ë° ì‹¤í–‰ ì‘ëŒ€ ë“± ì „ë°˜ì ì¸ ë¯¸ë””ì–´ ê´€ë¦¬  ë³´ë„ìžë£Œ ê¸°íšê¸°ì‚¬ ë“± ìžë£Œ ìž‘ì„±  ëª¨ë‹ˆí„°ë§ ë¦¬í¬íŠ¸ ë“± ê¸°ë³¸ ì—…ë¬´ ,"-  1ì°¨ ì„œë¥˜ ì „í˜• (í•©ê²©ìžì— í•œí•˜ì—¬ ê°œë³„í†µì§€)
-  2ì°¨ ì‹¤ë¬´ìž ë©´ì ‘ ì „í˜•
-  3ì°¨ ìž„ì›ì§„ ë©´ì ‘ ì „í˜•

","- ì•ˆì‹ì›” íœ´ê°€ ì§€ì› : ë§¤ 3ë…„ë§ˆë‹¤ í•œë‹¬ ìœ ê¸‰ íœ´ê°€
- ì—°ì°¨ì— ë”°ë¥¸ ì¶©ë¶„í•œ íœ´ê°€ ë° ê²½ì¡°íœ´ê°€
- ì—¬ì„±ê·¼ë¡œìžë¥¼ ìœ„í•œ ìž„ì‹ íœ´ê°€
- ì—°ì°¨ì— ë”°ë¥¸ ìžê¸°ê°œë°œêµìœ¡ë¹„ ì§€ì›
- ì—°ì°¨ì— ë”°ë¥¸ í†µì‹ ë¹„ ì§€ì›
- ì „ì§ì› ê°ì¢… êµìœ¡ ë° ì„¸ë¯¸ë‚˜ ì§€ì›
- ì „ì§ì› ì‚¬ë‚´ ë™ì•„ë¦¬ ì§€ì›
- íƒ„ë ¥ ê·¼ë¬´ ì‹¤ì‹œ 
- ì‹œì°¨ ì¶œê·¼ì œ ì‹¤ì‹œ
- ìˆœí™˜ì  ìž¬íƒê·¼ë¬´ ì‹¤ì‹œ
- ê°ì¢… ê²½ì¡° íœ´ê°€ ì§€ì› (*ì´ì‚¬ íœ´ê°€ ì§€ì›)
","ì„œìš¸ì‹œ ê°•ë‚¨êµ¬ ë„ì‚°ëŒ€ë¡œ 145 (ì¸ìš°ë¹Œë”©,ì‹ ì‚¬ë™) íŒ¨ìŠ¤íŠ¸íŒŒì´ë¸Œ 9ì¸µ 902í˜¸", ë¸Œëžœë“œê¸°ì—… ì–¸ë¡ í™ë³´ í˜¹ì€ ê´€ë ¨ ì—…ê³„ ê²½ë ¥ 3ë…„ì°¨ ì´ìƒ ë§Œ 2ë…„ì´ìƒ ê·¼ë¬´ ê²½ë ¥ ë…ë¦½ì ì¸ ì—…ë¬´ ìˆ˜í–‰ê³¼ íŒ€ê³¼ì˜ í˜‘ì—…ì´ ëª¨ë‘ ê°€ëŠ¥í•œ ìž ë„ì „ì„ ì¦ê¸°ê³  ì—´ì •ì„ ê°€ì§„ ìž í”¼ì•Œê²Œì´íŠ¸ ì¸ìž¬ìƒì— ë¶€í•©í•˜ëŠ” ìž   ì–¸ë¡  ì™¸ ë§¤ì²´ ì†Œì…œ ë¯¸ë””ì–´ ë“± í˜¹ì€ ì†Œë¹„ìž ëŒ€ìƒ ìº íŽ˜ì¸ ê¸°íš ë° ê²½í—˜ìž ìš°ëŒ€    ì˜ì–´ ìš°ìˆ˜ìž  ì—­ëŸ‰ì— ë”°ë¼ ì™¸êµ­ê³„ í´ë¼ì´ì–¸íŠ¸ ë°°ì • ê°€ëŠ¥,1666
(ì£¼)ë”ë¸Œì´í”Œëž˜ë‹›,ì •ê·œì§,"['ê¸°íš', 'ì½˜í…ì¸ ê¸°íš', 'ê´‘ê³ ', 'ê´‘ê³ ê¸°íš', 'ae']","ì•ˆë…•í•˜ì„¸ìš”. ë”ë¸Œì´í”Œëž˜ë‹›ì˜ ì´ì¤€í˜¸ ëŒ€í‘œ ìž…ë‹ˆë‹¤.  ë”ë¸Œì´í”Œëž˜ë‹›ì€ 'ì†Œê·œëª¨ ì‡¼í•‘ëª° ë§ˆì¼€íŒ…ì˜ ì§„ì§œ í˜ì‹ 'ì´ë¼ëŠ” ë¯¸ì…˜ ì•„ëž˜ AI ê¸°ë°˜ì˜ ìˆí¼ì˜ìƒ ìžë™ì œìž‘ë¶€í„° ë‹¤ì±„ë„ ê´‘ê³  ì§‘í–‰ ë° ìš´ì˜ & ë§ˆì¼€íŒ… ëŒ€ì‹œë³´ë“œë¥¼ í†µí•œ ì‹¤ì‹œê°„ ëª¨ë‹ˆí„°ë§ ë° ë°ì´í„° ë¶„ì„ê¹Œì§€ ìˆí¼ì˜ìƒ ë§ˆì¼€íŒ…ì˜ ì „ ê³¼ì •ì„ í†µí•©í•´ ìžë™í™”í•œ í”Œëž«í¼, ë¸Œì´í”Œë ˆì´íŠ¸ë¥¼ ê°œë°œí•˜ëŠ” íšŒì‚¬ìž…ë‹ˆë‹¤.


ì„¤ë¦½ ì´í›„ ì™€ì´ì•¤ì•„ì²˜, ë¹…ë±…ì—”ì ¤ìŠ¤, ë¸”ë£¨í¬ì¸íŠ¸, ë”ì¸ë²¤ì…˜ëž©, í•œë¦¼ëŒ€ ê¸°ìˆ ì§€ì£¼ ë“±ì˜ êµ­ë‚´ ìœ ëª… VCë¡œë¶€í„°ì˜ íˆ¬ìžìœ ì¹˜ì™€ ë”ë¶ˆì–´ ë‹¤ì–‘í•œ ê¸°ê´€ì‚¬ì—…ì— ì„ ì •ë˜ë©° ê·¸ ì‚¬ì—…ì„±ê³¼ ì„±ìž¥ì„±ì„ ì¸ì •ë°›ì•„ì™”ê³  ë§¤ë…„ 200% ì´ìƒì˜ ë§¤ì¶œì„±ìž¥ì„ ë‹¬ì„±í•˜ë©° ì—…ê³„ì˜ ì£¼ëª©ì„ ë°›ê³  ìžˆì—ˆìŠµë‹ˆë‹¤. íŠ¹ížˆ SKë¸Œë¡œë“œë°´ë“œ, KT, ë©”ê°€ë°•ìŠ¤, ì´ë…¸ì…˜, ë„¤ì´ë²„, NHN ë“±ì˜ ëŒ€ê¸°ì—…ì—ì„œë„ ë¸Œì´í”Œë ˆì´íŠ¸ ì†”ë£¨ì…˜ì„ ë„ìž…í•  ì •ë„ë¡œ ì„œë¹„ìŠ¤ì˜ ê¸°ìˆ ë ¥ì„ ìž…ì¦í•´ì™”ìŠµë‹ˆë‹¤.


ì´ì™¸ì—ë„ Chat GPT í”ŒëŸ¬ê·¸ì¸ì„ ì¶œì‹œí•˜ë©°, ê¸€ë¡œë²Œ ë„ë©”ì¸ì—ì„œ AI ê¸°ë°˜ì˜ ìˆí¼ì˜ìƒ ì™„ì „ ìžë™ì œìž‘ ì„œë¹„ìŠ¤ë¥¼ ìµœì´ˆë¡œ ì¶œì‹œí•˜ëŠ” ëª¨ë©˜í…€ì„ í†µí•´ ê¸€ë¡œë²Œ ì‚¬ì—… í™•ìž¥ì„ ë„ëª¨í•˜ê³  ìžˆìŠµë‹ˆë‹¤.


ê´‘ê³ ì‚°ì—…ì—ì„œ ê°€ìž¥ íž™í•˜ê²Œ ê´‘ê³ ì£¼ì˜ ì–´ë ¤ì›€ì„ í•´ê²°í•˜ëŠ” ë¸Œì´í”Œë ˆì´íŠ¸ íŒ€ì— í•©ë¥˜í•˜ì„¸ìš”. í˜ì‹ ì ì¸ ê¸°ìˆ ë ¥ê³¼ ì‚¬ì—… ëª¨ë¸ì„ ìŠ¤ë§ˆíŠ¸í•œ ë™ë£Œë“¤ê³¼ ê³ ë„í™”í•´ë‚˜ê°ˆ ìˆ˜ ìžˆëŠ” ë§¤ë ¥ì ì¸ í™˜ê²½ì€ ë¸Œì´í”Œë ˆì´íŠ¸ì— ëª¨ë‘ ìžˆìŠµë‹ˆë‹¤.


ì €ëŠ” ìš°ë¦¬ ë¸Œì´í”Œë ˆì´íŠ¸ íŒ€ê³¼ ë‹¬ì— ê°€ë³´ë ¤ í•©ë‹ˆë‹¤. ê·¸ ì—¬ì •ì— í•¨ê»˜ í•˜ê³  ì‹¶ë‹¤ë©´, ì§€ê¸ˆ ë°”ë¡œ ì§€ì›í•˜ì„¸ìš”.", Naver Kakao Google Meta ë“± ì£¼ìš” ê´‘ê³  ë§¤ì²´ ìš´ì˜ ê´‘ê³  ì†Œìž¬ í¬ë¦¬ì—ì´í‹°ë¸Œ ê¸°íš ì˜¨ë¼ì¸ ê´‘ê³  ê³„ì • ì„¸íŒ… ë° ì§‘í–‰ ê´‘ê³ ì„±ê³¼ ë¶„ì„ ë° ì¸ì‚¬ì´íŠ¸ ë„ì¶œ ì˜¨ë¼ì¸ ê´‘ê³  ë§¤ì²´ ì œì•ˆ,,"[9-10 to 18-19 ì‹œì°¨ì¶œê·¼ì œ]
- ê°ìžì˜ ëŠ¥ë ¥, ìŠ¤íƒ€ì¼ì— ë”°ë¼ ì¶œí‡´ê·¼ ì‹œê°„ì„ íƒ„ë ¥ì ìœ¼ë¡œ ì„ íƒí•  ìˆ˜ ìžˆìŠµë‹ˆë‹¤.

[ìžìœ ë¡œìš´ ì—°ì°¨/ë°˜ì°¨ ì‚¬ìš©]
- ë‚´ê°€ ì‰¬ê³  ì‹¶ì€ë°ì—ëŠ” ì´ìœ ê°€ ì—†ëŠ” ë²•. ìž˜ ì‰¬ëŠ” ê²ƒë„ ì¤‘ìš”í•©ë‹ˆë‹¤.

[ì¹¼í‡´ ë³´ìž¥, ì—°ìž¥ ê·¼ë¬´ ì‹œ ì•¼ê·¼ìˆ˜ë‹¹ì§€ê¸‰]
- í‡´ê·¼í•˜ëŠ”ë° ëˆˆì¹˜ë¥¼ ì™œ ë³´ë‚˜! í”¼ì¹˜ ëª»í•˜ê²Œ ì•¼ê·¼ì„ í•´ì•¼í•œë‹¤ë©´ ë³´ìƒì€ ë‹¹ì—°ížˆ ë°›ì•„ê°€ì„¸ìš”.

[ì‚¬ë‚´ìŠ¤í„°ë”” ì§€ì›]
- ë§¤ì£¼ ìˆ˜ìš”ì¼, FEíŒ€ì€ ì‚¬ë‚´ ìŠ¤í„°ë””ë¥¼ ì—´ì–´ íŒ€ì›ë“¤ë¼ë¦¬ ì§€ë‚œ ì£¼ ë™ì•ˆì˜ ì—…ë¬´ì—ì„œ ì–»ì€ ì§€ì‹ê³¼ ê²½í—˜ì„ ê³µìœ í•©ë‹ˆë‹¤. ì´ë¥¼ í†µí•´ ê°œì¸ê³¼ íŒ€ì˜ ì—­ëŸ‰ì„ í•¨ê»˜ í‚¤ìš¸ ìˆ˜ ìžˆëŠ” í™˜ê²½ì„ ì¡°ì„±í•˜ê³  ìžˆìŠµë‹ˆë‹¤.

[ë™ë£Œë“¤ê³¼ í•¨ê»˜ ì™¸ë¶€ ì»¨í¼ëŸ°ìŠ¤ ì°¸ì„]
- ìŠ¤íƒ€íŠ¸ì—…ì˜ ì—­ëŸ‰ì€ ë°°ìš°ê³ ìž í•˜ëŠ” ì˜ì§€ìž…ë‹ˆë‹¤. ì—¬ëŸ¬ë¶„ì˜ ì—°ë´‰ì„ ìœ„í•´ ì—´ì‹¬ížˆ ì„±ìž¥í•  ìˆ˜ ìžˆê²Œ ì§€ì›í•©ë‹ˆë‹¤.

[ì¤‘ì‹ ì œê³µ]
- ë°°ê³ í”„ë©´ ì¼ì„ ëª»í•˜ì§€.. ë“ ë“ í•œ ì ì‹¬ì‹ì‚¬ë¥¼ ì œê³µí•©ë‹ˆë‹¤.

[ëª…ì ˆ ì„ ë¬¼ ì§€ê¸‰]
- í’ìš”ë¡œìš´ ëª…ì ˆì„ ë³´ë‚¼ ìˆ˜ ìžˆë„ë¡ ê°ì‚¬ì˜ ë§ˆìŒì„ ë‹´ì€ ì„ ë¬¼ì„ ì§€ê¸‰í•´ë“œë¦½ë‹ˆë‹¤.

[ëª…ì ˆ ë³´ë„ˆìŠ¤ ì§€ê¸‰]
- ì—´ì‹¬ížˆ ì¼í•˜ëŠ” ìš°ë¦¬ì—ê²Œ í•„ìš”í•œ ê±´, ë³´ë„ˆìŠ¤ì£ . ê°ì‚¬ì˜ ë§ˆìŒì„ ë‹´ì•„ ëª…ì ˆ ë³´ë„ˆìŠ¤ë¥¼ ì§€ê¸‰í•´ë“œë¦½ë‹ˆë‹¤.

[ê°„ì‹ ë¬´í•œ ì œê³µ]
- ê³¼ìž, ë¼ë©´, ì¿ í‚¤, íŒŒì´, ì¥¬ìŠ¤, íƒ„ì‚°ìŒë£Œ, ìš°ìœ , ì»¤í”¼ ë“±ì„ ë¬´í•œ ì œê³µí•´ ë°°ê³ í”Œ ì‹œê°„ì´ ì—†ìŠµë‹ˆë‹¤.

[ì „ ì§ì› ë“€ì–¼ëª¨ë‹ˆí„° ë° ì—…ë¬´ ìš© ë…¸íŠ¸ë¶ ì œê³µ]
- ìž¥ë¹„ê°€ ë‚˜ë¹ ì„œ ëŠ¥ë¥ ì´ ë–¨ì–´ì§€ë©´ ì–µìš¸í•˜ìž–ì•„ìš”. ì¼í•˜ê¸° ì¢‹ì€ í™˜ê²½ì„ ë§Œë“œëŠ” ê±´ ì €í¬ì˜ ì˜ë¬´ ìž…ë‹ˆë‹¤.

[ìžê¸°ê³„ë°œë¹„ ì§€ì›]
- ë„ì„œ, ì›Œí¬ìƒµ, ì„¸ë¯¸ë‚˜ ë“± ê°œì¸ì˜ ì—­ëŸ‰ì„ í‚¤ìš°ê¸° ìœ„í•œ ì—…ë¬´ êµìœ¡ë¹„ë¥¼ 100% ì§€ì›í•©ë‹ˆë‹¤.

[ìžê²©ì¦ ì·¨ë“, ê³µëª¨ì „, ê²½ì§„ëŒ€íšŒ ìž…ìƒì‹œ ìžê¸°ê°œë°œ í¬ìƒê¸ˆ ì§€ê¸‰]
- ì›ëž˜ ë­ë“  ë³´ìƒì´ ìžˆì–´ì•¼ ë„ì „í•  ë§›ì´ ë‚˜ìž–ì•„ìš”. ì—¬ëŸ¬ë¶„ì˜ ì„±ê³¼ë¥¼ í•¨ê»˜ ì¶•í•˜í•´ë“œë¦´ê²Œìš”.","ì„œìš¸íŠ¹ë³„ì‹œ ë§ˆí¬êµ¬ ì™€ìš°ì‚°ë¡œ 125, íŒ¨ìŠ¤íŠ¸íŒŒì´ë¸Œ í™ëŒ€ 3í˜¸ì  301í˜¸", ê²½ë ¥í•™ë ¥ ë¬´ê´€ ê´‘ê³  ì—ì´ì „ì‹œ ë§ˆì¼€í„°ë¥¼ ê¿ˆê¾¸ì‹œëŠ” ë¶„ ë°ê³  ê¸ì •ì ì´ë©° ì—´ì •ì ì¸ ì—ë„ˆì§€ë¥¼ ê°€ì§€ì‹  ë¶„ ì£¼ë„ì ì´ë©° ëŠ¥ë™ì ì´ì´ë©° ê³„íšì‹¤í–‰ë¶„ì„ ë° ê²€ì¦ í”„ë¡œì„¸ìŠ¤ ê¸°ë°˜ì˜ ë…¼ë¦¬ì ì´ì‹  ë¶„ ê²€ìƒ‰ê´‘ê³ ë§ˆì¼€í„° 1ê¸‰ or GAIQ ìžê²©ì¦ ë³´ìœ ìž ì—‘ì…€PPTì»´í“¨í„° í™œìš©ëŠ¥ë ¥ ìš°ìˆ˜í•œ ë¶„ SNSì— ê´€ì‹¬ ë§Žìœ¼ë©° ì»¤ë®¤ë‹ˆì¼€ì´ì…˜ ìš°ìˆ˜í•œ ë¶„,1667
(ì£¼)ë¯¸ë””ì˜¨ê·¸ë£¹,ì •ê·œì§,"['ë°”ì´ëŸ´ë§ˆì¼€íŒ…', 'ë¸Œëžœë“œë§ˆì¼€íŒ…', 'SNSë§ˆì¼€íŒ…', 'ì´ë²¤íŠ¸ê¸°íš', 'ë§ˆì¼€íŒ…ê¸°íš', 'ì¸í”Œë£¨ì–¸ì„œ ë§ˆì¼€íŒ…']","(ì£¼)ë¯¸ë””ì˜¨ê·¸ë£¹ì€ 3ê°€ì§€ WITH MOTTOë¥¼ ì§€ì¼œë‚˜ê°€ë©° ê¸€ë¡œë²Œ ì‹œìž¥ì„ ì„ ë„í•˜ëŠ” ì¼ë¥˜ì˜ ê¸°ì—…ìœ¼ë¡œ ë„ì•½í•˜ê¸° ìœ„í•œ ê¿ˆì„ í–¥í•´ ì „ì§„í•˜ê³  ìžˆìŠµë‹ˆë‹¤.

WITH MANUFACTURE
ì œì¡°ì‚¬ì™€ í•¨ê»˜
ìš°ë¦¬ëŠ” ì¢‹ì€ ê¸°ìˆ ê³¼ ì œí’ˆì„ ë³´ìœ í•œ ìž ìž¬ë ¥ì„ ê°€ì§„ ì œì¡°ì—…ì„ ë°œêµ´í•˜ê³ , ê·¸ë“¤ì˜ ì œí’ˆì„ ì†Œë¹„ìžì™€ ì—°ê²°í•  ìˆ˜ ìžˆë„ë¡ ê³ ë¯¼í•˜ê³  ìžˆìŠµë‹ˆë‹¤. ìš°ë¦¬ì˜ ê³ ë¯¼ì´ ë‹¨ë°œì„±ì´ ë˜ì§€ ì•Šë„ë¡ í•¨ê»˜ ì„±ìž¥í•  ìˆ˜ ìžˆëŠ” ê°€ì¹˜ë¥¼ ë§Œë“¤ê³ ìž ë…¸ë ¥í•©ë‹ˆë‹¤.

WITH STAFF
ì§ì›ê³¼ í•¨ê»˜
íšŒì‚¬ëŠ” ì´ìµì„ ìœ„í•œ ì§‘ë‹¨ì´ì§€ë§Œ, ê°œê°œì¸ì´ ëª¨ì—¬ ë§Œë“¤ì–´ì§‘ë‹ˆë‹¤.
ì‚¬ëžŒì€ íšŒì‚¬ì˜ ê°€ìž¥ ì¤‘ìš”í•œ ìžì‚°ì´ë©°, ê°œì¸ì˜ ì„±ìž¥ì€ ê³§ íšŒì‚¬ì˜ ì„±ìž¥ìž…ë‹ˆë‹¤. íšŒì‚¬ëŠ” íŒŒíŠ¸ë„ˆë¡œì„œ ê°œì¸ê³¼ì˜ ë™ë°˜ ì„±ìž¥ì„ ìœ„í•´ ë…¸ë ¥í•©ë‹ˆë‹¤.

WITH CREATIVE
ì°½ì˜ì ì¸ ì‚¬ê³ 
Gracted to the world
ìš°ë¦¬ëŠ” ë¯¸ë””ì˜¨ ì •ì‹ ì„ ë°”íƒ•ìœ¼ë¡œ ëŠìž„ì—†ëŠ” ë³€í™”ì™€ í˜ì‹ ì„ í†µí•œ ì§€ì†ì ì¸ ì„±ìž¥ì„ ì¶”êµ¬í•©ë‹ˆë‹¤. ê¸€ë¡œë²Œ ì‹œìž¥ì„ ì„ ë„í•˜ëŠ” ì¼ë¥˜ ê¸°ì—…ìœ¼ë¡œ ë„ì•½í•˜ê¸° ìœ„í•œ ê¿ˆì„ í–¥í•´ ì „ì§„í•©ë‹ˆë‹¤.

",ë¸Œëžœë“œ í™ë³´ë¥¼ ìœ„í•œ ë§ˆì¼€íŒ… ë° ê¸°íš ì—…ë¬´ë¥¼ ë‹´ë‹¹ë¸Œëžœë“œ ì¸ì§€ë„ ë° ë§¤ì¶œ í™œì„±í™”ë¥¼ ìœ„í•œ í”„ë¡œëª¨ì…˜ì´ë²¤íŠ¸ ê¸°íš ë° ìš´ì˜ì œí’ˆ í™ë³´ë¥¼ ìœ„í•œ ê´‘ê³  ì»¨í…ì¸ ê¸°íšì¸í”Œë£¨ì–¸ì„œì™€ì˜ í˜‘ì—… ì—…ë¬´SADA ê´‘ê³  ëŒ€í–‰ì‚¬ í•¸ë“¤ë§SNS íŽ˜ë¶ê´‘ê³  ìš´ì˜ ë° ì»¨í…ì¸ ê¸°íšë°”ì´ëŸ´ ì—…ë¬´,ì„œë¥˜ì „í˜•>1ì°¨ë©´ì ‘>2ì°¨ë©´ì ‘(í•„ìš”ì‹œ)>ìµœì¢…í•©ê²©,"êµ­ë¯¼ì—°ê¸ˆ, ê³ ìš©ë³´í—˜, ì‚°ìž¬ë³´í—˜, ê±´ê°•ë³´í—˜, í‡´ì§ì—°ê¸ˆ
ì£¼5ì¼ì œ, ì—°ì°¨ì œë„, ê²½ì¡°íœ´ê°€, ë°˜ì°¨ì œë„, ìœ„ë¡œíœ´ê°€, ë¦¬í”„ë ˆì‹œ íœ´ê°€, í¬ìƒíœ´ê°€, ë…¸ë™ì ˆ íœ´ë¬´, ì›Œí¬ìƒµ/MT, ì•¼ìœ íšŒ
í‡´ì§ê¸ˆ, ê²½ì¡°ê¸ˆ, ì¸ì„¼í‹°ë¸Œ, ìž„ì§ì› êµìœ¡ë¹„, ìžê¸°ê°œë°œ ì§€ì›, íœ´ì¼ê·¼ë¡œìˆ˜ë‹¹, ë„ì„œ êµ¬ìž…ë¹„ ì§€ì›, ì„±ê³¼ê¸‰, ìž„ì§ì› í• ì¸, ì—°ì°¨ìˆ˜ë‹¹, íšŒì‹ë¹„ ì§€ì›
êµ¬ë‚´ì‹ë‹¹, ìƒ¤ì›Œì‹¤
ì ì‹¬ ì‹ì‚¬ ì§€ì›, ì‹ì‚¬ ì§€ì›","ì„œìš¸ êµ¬ë¡œêµ¬ ë””ì§€í„¸ë¡œ32ê¸¸ 30, 11ì¸µ 1110í˜¸ 1111í˜¸",í•™ë ¥  í•™ë ¥ë¬´ê´€ê²½ë ¥ ë™ì¢…ì—…ê³„ 2ë…„ ì´ìƒì½”ìŠ¤ë©”í‹± ì¹´í…Œê³ ë¦¬ ê²½í—˜ìž ìš°ëŒ€ë¸Œëžœë“œ ì˜¨ë¼ì¸ì‡¼í•‘ëª° ê²½í—˜ìž ìš°ëŒ€í¬íŠ¸í´ë¦¬ì˜¤ ì œì¶œìž ìš°ëŒ€,1668
ë½€ë¡œë¡œíŒŒí¬(ì£¼),ì •ê·œì§,"['ë¸Œëžœë“œë§ˆì¼€íŒ…', 'ì»¨í…ì¸ ê¸°íš', 'ì˜¨ì˜¤í”„ë¼ì¸ë§ˆì¼€íŒ…', 'ë§ˆì¼€íŒ…ì§€ì›']","The First/ The Only/ The Best
ë½€ë¡œë¡œíŒŒí¬ëŠ” ìƒˆë¡œìš´ ê³µê°„ê³¼ ì°½ì˜ì ì¸ ì½˜í…ì¸ ì— ëŒ€í•´ ê°€ìž¥ ë¨¼ì € ê³ ë¯¼í•˜ê³  ëˆ„êµ¬ë„ ìƒê°í•˜ì§€ ì•Šì€ ìš°ë¦¬ë§Œì˜ ê¸°íšê³¼ ê²°ê³¼ë¬¼ë¡œ ëŒ€ì¤‘ê³¼ ì†Œí†µí•˜ë©° ìƒˆë¡œìš´ ë¬¸í™”ë¥¼ ë§Œë“¤ì–´ë‚´ëŠ” ìµœê³ ì˜ ê³µê°„ì‚¬ì—…, ì½˜í…ì¸  ê¸°ì—…ìœ¼ë¡œ ë‚˜ì•„ê°‘ë‹ˆë‹¤. ë½€ë¡œë¡œì¹œêµ¬ë“¤ê³¼ íƒ€ìš”ë²„ìŠ¤ë¥¼ í™œìš©í•˜ì—¬ ê³µê°„ì„ ë””ìžì¸í•˜ê³  ê¸°ìˆ ì„ ìž…ížˆëŠ” ê³µê°„ ì „ë¬¸ê°€ ê·¸ë£¹ì—ì„œ ì¶œë°œí•˜ì—¬ ì‚¬ì—…ì˜ ì˜ì—­ì„ í™•ìž¥í•˜ê³  ìžˆìŠµë‹ˆë‹¤. í‚¤ì¦ˆì¹´íŽ˜ ë“± ì‹¤ë‚´ ê±´ì¶• ë¶„ì•¼ì—ì„œ í…Œë§ˆ íŒŒí¬, í˜¸í…” ë° ë¦¬ì¡°íŠ¸ ì‚¬ì—…ìœ¼ë¡œ í™•ìž¥í–ˆìœ¼ë©°, ì• ë‹ˆë©”ì´ì…˜ì„ í† ëŒ€ë¡œ ê³µì—°, ì „ì‹œ ë¶„ì•¼ ì „ë¬¸ì„± ê°•í™”í•˜ì—¬ ì½˜í…ì¸  ë¶„ì•¼ì—ë„ ì˜ì—­ì„ í™•ìž¥í•˜ê³  ìžˆìŠµë‹ˆë‹¤. 2019ë…„ ê¸°ì¤€ ì´ ì´ìš©ê° 225ë§Œëª…, ì „ì„¸ê³„ 80ì—¬ê°œ ë§¤ìž¥ì´ ìžˆìŠµë‹ˆë‹¤.",ë½€ë¡œë¡œíŒŒí¬ ì˜¨ì˜¤í”„ë¼ì¸ ì±„ë„ ì»¨í…ì¸  ê¸°íš ë° ìš´ì˜LSM ë½€ë¡œë¡œíŒŒí¬ ì§€ì ë³„ ë§ˆì¼€íŒ… í™œë™ ì§€ì›ë¸Œëžœë“œ IMC ìº íŽ˜ì¸ ì‹¤í–‰ ì§€ì›,,,"ê²½ê¸° ì„±ë‚¨ì‹œ ë¶„ë‹¹êµ¬ íŒêµë¡œ255ë²ˆê¸¸ 64, 8ì¸µ (ì‚¼í‰ë™,ì•„ì´ì½”ë‹‰ìŠ¤)",ê²½ë ¥ 2ë…„ ì´ìƒëŒ€í–‰ì‚¬ ì¶œì‹  ê²½ë ¥ìž ìš°ëŒ€ìœ ì—°í•œ ì»¤ë®¤ë‹ˆì¼€ì´ì…˜ ë³´ìœ ìž,1669
(ì£¼)ì˜¤ë‹ˆìŠ¤íŠ¸,ì •ê·œì§,"['ì½˜í…ì¸ ê¸°íš', 'ë¸Œëžœë“œë§ˆì¼€íŒ…', 'ë§ˆì¼€íŒ…ê¸°íš', 'ì¼ë³¸', 'ì˜¨ì˜¤í”„ë¼ì¸ë§ˆì¼€íŒ…', 'IMCë§ˆì¼€íŒ…', 'ì†Œì…œë¯¸ë””ì–´ë§ˆì¼€íŒ…']","ì˜¤ë‹ˆìŠ¤íŠ¸ëŠ” ì„œìš¸ì— ê¸°ë°˜ì„ ë‘”, ê¸€ë¡œë²Œ í´ë¦° ì´ë„ˆë·°í‹° ë¸Œëžœë“œìž…ë‹ˆë‹¤. ì˜¤ë‹ˆìŠ¤íŠ¸ íŒ€ì€ ì´ë„ˆë·°í‹°ë¼ëŠ” ì‹œìž¥ì„ ê°œì²™í•˜ê³ , ê±´ê°•í•¨ê³¼ ì•„ë¦„ë‹¤ì›€ì˜ ê²½ê³„ë¥¼ ì—†ì• ëŠ” ì¼ì„ í•˜ê³  ìžˆìŠµë‹ˆë‹¤.

2021ë…„ë¶€í„° ë§¤ë…„ 300% ì„±ìž¥, 2ë…„ë§Œì— ë‹¨ í•˜ë‚˜ì˜ ì œí’ˆìœ¼ë¡œ ì—°ë§¤ì¶œ 40ì–µì›ì„ ë‹¬ì„±í•œ ë¹ ë¥´ê²Œ ì„±ìž¥í•˜ëŠ” íŒ€ìž…ë‹ˆë‹¤. ì˜¤ë‹ˆìŠ¤íŠ¸ëŠ” ì•žìœ¼ë¡œ ìŠ¤í‚¨ì¼€ì–´, ë°”ë””ì¼€ì–´, ë©˜íƒˆì¼€ì–´ ë“± ì´ë„ˆë·°í‹° ì˜ì—­ì„ í™•ìž¥í•  ì˜ˆì •ìž…ë‹ˆë‹¤.",ë¸Œëžœë“œ ë§ˆì¼€í„°ëŠ” ê³ ê° êµ¬ë§¤ì˜ ì „ ì—¬ì •ì„ ê³ ë ¤í•˜ì—¬ ìƒˆë¡œìš´ ì•¡ì…˜ì•„ì´í…œì„ ì„¤ì •í•˜ê³  ë¹ ë¥´ê²Œ ì‹¤í–‰í•©ë‹ˆë‹¤ ê°ë„ ë†’ì€ ë¸Œëžœë”©ê³¼ ë§¤ì¶œ í¼í¬ë¨¼ìŠ¤ë¥¼ ëª¨ë‘ ê³ ë ¤í•œ ë§ˆì¼€íŒ…ê³¼ ê´‘ê³ ë¥¼ ë§Œë“œëŠ” ì—­í• ì„ ë‹´ë‹¹í•©ë‹ˆë‹¤ ì¼ë³¸ ì‹œìž¥ì— ì²« ì§„ì¶œë¶€í„° í™•ìž¥ê¹Œì§€ ì„±ìž¥ì‹œí‚¤ëŠ” í¬ì§€ì…˜ìž…ë‹ˆë‹¤ì—…ë¬´ ì˜ˆì‹œ ë¸Œëžœë“œ IMC ë§ˆì¼€íŒ… ê¸°íš ë° ì‹¤í–‰ ì˜¨ ì˜¤í”„ë¼ì¸ ìº íŽ˜ì¸ ê¸°íš ë° ìš´ì˜ íŒì—… ì½œë¼ë³´ ë°”ì´ëŸ´ ì´ë²¤íŠ¸ PR ë“± ì†Œì…œë¯¸ë””ì–´ ë¸Œëžœë”© ì „ëžµ ìˆ˜ë¦½ ë° ê¸°íš ì†Œì…œë¯¸ë””ì–´ ì½˜í…ì¸  ê¸°íš ë° ìš´ì˜ ë¸Œëžœë“œ í¬ë¦¬ì—ì´í‹°ë¸Œ ë¹„ì£¼ì–¼ ì¹´í”¼ë¼ì´íŒ… ê¸°íš ë° ê´€ë¦¬ë¸Œëžœë“œ ë§ˆì¼€í„°ëŠ” ë¸Œëžœë“œ ì„±ìž¥ì„ ìœ„í•œ í†µí•©ì ì¸ ë§ˆì¼€íŒ…ì„ ë‹´ë‹¹í•©ë‹ˆë‹¤ ë”°ë¼ì„œ ëª©í‘œì— ë”°ë¼ ì˜ì—­ì— êµ­í•œë˜ì§€ ì•Šê³  ë§ˆì¼€íŒ… ì•¡ì…˜ ì•„ì´í…œì„ ì£¼ë„ì ìœ¼ë¡œ ì œì•ˆ ê¸°íš ì‹¤í–‰ ì‹œì‚¬ì ì„ ë„ì¶œí•  ìˆ˜ ìžˆëŠ” ëŠ¥ë ¥ì´ í•„ìš”í•©ë‹ˆë‹¤,,"ì˜¤ë‹ˆìŠ¤íŠ¸ëŠ” ë‹¹ì‹ ì´ ì˜¤ì§ ì¼ì—ë§Œ ì§‘ì¤‘ í•  ìˆ˜ ìžˆë„ë¡ í™˜ê²½ì„ ì¡°ì„±í•©ë‹ˆë‹¤.
- ì˜¤ì „ 8ì‹œ~11ì‹œ ì¤‘ ìžìœ¨ì¶œí‡´ê·¼ì œ
- ìžìœ ë¡œìš´ ë¶„ìœ„ê¸°, ìˆ˜í‰ì ì¸ ë¬¸í™” (ì˜ì–´ì´ë¦„ ì‚¬ìš©)
- ë„ì„œ êµ¬ë§¤, ì‚¬ë‚´/ì™¸ ìŠ¤í„°ë”” ë° êµìœ¡ ë“± ì„±ìž¥ í™œë™ë¹„ ë¬´ì œí•œ ì§€ì›
- ì—…ë¬´ ì§‘ì¤‘ë ¥ì„ ë†’ì—¬ì¤„ ìˆ˜ ìžˆëŠ” ìž¥ë¹„ ë° ì†Œí”„íŠ¸ì›¨ì–´ ì œê³µ
- ì•¼ê·¼ ì‹ëŒ€ ë³„ë„ ì§€ì›","ì„œìš¸ ë§ˆí¬êµ¬ ì–‘í™”ë¡œ 186, 4ì¸µ 404í˜¸ (ë™êµë™, LC TOWER)", ë¸Œëžœë“œ ë§ˆì¼€íŒ… ê²½í—˜ ì£¼ë„ì ìœ¼ë¡œ ê¸°íší•œ ë§ˆì¼€íŒ… ìº íŽ˜ì¸ìœ¼ë¡œ ì„±ê³¼ë¥¼ ë‚¸ ê²½í—˜ì´ ìžˆëŠ” ë¶„ ì¹´í”¼ë¼ì´íŒ… ì½˜í…ì¸  ìž‘ì„± ëŠ¥ë ¥ì´ ìžˆìœ¼ì‹  ë¶„ ëª©í‘œë¥¼ ì„¤ì •í•˜ê³  ì•¡ì…˜ì•„ì´í…œì„ ì£¼ë„ì ìœ¼ë¡œ ë„ì¶œí•´ë‚´ëŠ” ëŠ¥ë ¥ì´ íƒì›”í•˜ì‹  ë¶„ êµ¬ì¡°ì ì¸ ë…¼ë¦¬ì  íë¦„ìœ¼ë¡œ ë¬¸ì œë¥¼ ì •ì˜í•˜ê³  í•´ê²°í•˜ì‹œëŠ” ë¶„ ì›í™œí•œ ì»¤ë®¤ë‹ˆì¼€ì´ì…˜ì„ í†µí•œ í˜‘ì—… ëŠ¥ë ¥ ë§ˆì¼€íŒ… ìº íŽ˜ì¸ ë¦¬ë”© ê²½í—˜ ë·°í‹° ì†Œë¹„ìž¬ ì—…ê³„ì˜ ë†’ì€ ì´í•´ë„,1670
(ì£¼)í´ë¼ì½”í¼ë ˆì´ì…˜,ì •ê·œì§,"['ë§ˆì¼€íŒ…', 'í”Œëž«í¼', 'ì¸í”Œë£¨ì–¸ì„œ ë§ˆì¼€íŒ…', 'MCN', 'ê´‘ê³ ëŒ€í–‰ì‚¬']","WE CLARIFY INFLUENCER MARKET!

í¬ë¦¬ì—ì´í„°ì—ê²Œ ê´‘ê³  ë¹„ìš©ì´ ì–¼ë§ˆì¸ì§€ ë– ë³´ëŠ” ê´‘ê³ ì£¼ë¶€í„°, â€˜ì–¼ë§ˆê¹Œì§€ ì•Œì•„ë³´ê³  ì˜¤ì…¨ì–´ìš”?â€™ì™€ í•¨ê»˜ í­ë¦¬ë¥¼ ì·¨í•˜ëŠ” ëŒ€í–‰ì‚¬, íŒ”ë¡œì›Œì™€ ë°˜ì‘ ìˆ˜ë¥¼ ì¡°ìž‘í•˜ëŠ” ì¸í”Œë£¨ì–¸ì„œê¹Œì§€, ì´ë ‡ê²Œë‚˜ í˜¼íƒí•œ ì‹œìž¥ì€, ì¼ë¶€ ì—…ì²´ë“¤ë¡œ ì¸í•´ ë”ë”ìš± í˜¼íƒí•´ì§€ê³  ìžˆìŠµë‹ˆë‹¤.

í´ë¼ì½”í¼ë ˆì´ì…˜ì€ ê°œì¸ì˜ ì„±ìž¥ê³¼ íŒ€ì˜ ì„±ìž¥ì„ ëª©í‘œë¡œ í•˜ëŠ” ë›°ì–´ë‚œ íŒ€ì›ë“¤ì´ ITê¸°ìˆ ê³¼ ë…¸í•˜ìš°ë¥¼ ë°”íƒ•ìœ¼ë¡œ ì´ ì‹œìž¥ì„ íˆ¬ëª…í•˜ê²Œ ë§Œë“¤ê¸° ìœ„í•´ ëª¨ì¸ íŒ€ìž…ë‹ˆë‹¤.

ìš°ë¦¬ íŒ€ì€ 'ì‚¬ëžŒ'ì´ ê°€ìž¥ ì¤‘ìš”í•˜ë‹¤ê³  ìƒê°í•©ë‹ˆë‹¤. í­ë°œì ì¸ ì„±ìž¥ì„ ì›í•˜ëŠ” íŒ€ì›ë“¤ê³¼ ì¦ê²ê²Œ ì¼í•˜ëŠ” ê²ƒì´ ê°€ìž¥ ì¤‘ìš”í•©ë‹ˆë‹¤.


[í˜„ìž¬ê¹Œì§€ ì„±ê³¼]

2021ë…„
21.04 ë²•ì¸ ì„¤ë¦½
21.06 ì¸í”Œë£¨ì–¸ì„œ ë§ˆì¼€íŒ… í”Œëž«í¼ ì¸ì¼“íŒ… MVP ê°œë°œ
21.08 ë²¤ì²˜ê¸°ì—…ì¸ì¦ (í˜ì‹ ì„±ìž¥ìœ í˜•)
21.09 ê¸°ìˆ ë³´ì¦ê¸°ê¸ˆ ê¸°ì—… ë³´ì¦ (1ì–µì›)
21.10 ì¸ì¼“íŒ… ì§„ì§œ ì˜í–¥ë ¥ ì•Œê³ ë¦¬ì¦˜ ê°œë°œ
21.12 ë§¤ì¶œì•¡ 2ì–µì› ë‹¬ì„±

2022ë…„
22.01 ì¸ì¼“íŒ… ì •ì‹ ëŸ°ì¹­
22.03 í•œêµ­ ì½˜í…ì¸  ì§„í¥ì› ë””ì§€í„¸ ë‰´ë”œ ì‚¬ì—… ì„ ì • (0.8ì–µì›)
22.05 JB With Plus 4ê¸° ì‹œë“œ íˆ¬ìž ìœ ì¹˜ (ë¹„ê³µê°œ)
22.09 ì¸ì¼“íŒ… ì…€í”„ ë“±ë¡ ì„œë¹„ìŠ¤ ëŸ°ì¹­
22.10 í¬ë¦¬ì—ì´í„° ê´‘ê³  ë§¤ì¹­ í”Œëž«í¼ í¬ë¦¬í”Œëž˜ë‹› MVP ê°œë°œ
22.10 ì›” ë§¤ì¶œì•¡ 1ì–µì› ë„ë‹¬
22.12 ë§¤ì¶œì•¡ 7.4ì–µì› ë‹¬ì„±

2023ë…„
23.03 JB ë²¤ì²˜ìŠ¤ë¡œë¶€í„° Seed í›„ì† íˆ¬ìž ìœ ì¹˜ (ë¹„ê³µê°œ)
23.04 ì¤‘ê¸°ë¶€ íŒìŠ¤ ì„ ì • (7ì–µì›)
23.05 ì´ˆê¸°ì°½ì—…íŒ¨í‚¤ì§€ ì„ ì • (1.3ì–µì›)
23.06 IBK ê¸°ì—…ì€í–‰ ì°½ê³µ ì„ ì •", ê´‘ê³ ì£¼  í¬ë¦¬ì—ì´í„° ì¤‘ê°œ ì»¤ë®¤ë‹ˆì¼€ì´ì…˜ B2B SalesMarketing ì „ëžµ ë° ìš´ì˜ ê´€ë¦¬ ê´‘ê³ ì£¼ ì‹ ê·œ ë°œêµ´ ë¹„ì¦ˆë‹ˆìŠ¤ ì œì•ˆì„œê¸°íšì„œ ì œìž‘ ìžì‚¬ ì„œë¹„ìŠ¤ í™ë³´ë¥¼ í†µí•œ ì´ìš© ê³ ê° ìœ ì¹˜ ì½˜í…ì¸  ì œìž‘ íŒë§¤í™ë³´ ê´€ë ¨ í¼í¬ë¨¼ìŠ¤ ë°ì´í„°í™”,,"í´ë¼ íŒ€ ë©¤ë²„ëŠ” 'ì¼ì„ ìž˜ í•˜ëŠ” ê²ƒ'ë§Œ ê³ ë¯¼í•©ë‹ˆë‹¤.

[ì ê·¹ì ì¸ ì„±ìž¥ ì§€ì›]
ì„±ìž¥ì„ ìœ„í•œ êµìœ¡ë¹„, ë„ì„œë¹„, ìŠ¤í„°ë”” ì°¸ì„ë¹„ ë“±ì„ ì§€ì›í•˜ê³  ìžˆìŠµë‹ˆë‹¤.

[ê·¼ë¬´ì— í•„ìš”í•œ ì§‘ê¸° êµ¬ë§¤]
ë“€ì–¼ëª¨ë‹ˆí„°, ë…¸íŠ¸ë¶ ë“± ì—…ë¬´ì— í•„ìš”í•œ ì§‘ê¸°ë¥¼ êµ¬ë§¤í•´ ë“œë ¤ìš”!

[ì„ íƒì  ê·¼ë¡œì‹œê°„ì œ]
ì •í•´ì ¸ ìžˆëŠ” ì¶œê·¼ ì‹œê°„ ì—†ì´, ì˜¤ì „ 8~11ì‹œ ì‚¬ì´ íŽ¸í•˜ê²Œ ì¶œê·¼í•˜ê³  ìžˆìŠµë‹ˆë‹¤.
ë³¸ì¸ì˜ ì—…ë¬´ ìŠ¤íƒ€ì¼ì— ë§žì¶° ì¶œê·¼í•  ìˆ˜ ìžˆìŠµë‹ˆë‹¤.
ë˜í•œ, 6ê°œì›”ê°„ì˜ ì»¬ì³í•ì„ ë§žì¶˜ ì´ í›„, ìžìœ¨ íœ´ê°€ì™€ ìžìœ¨ ìž¬íƒ ê·¼ë¬´ ì œë„ë¥¼ í™œìš© í•  ìˆ˜ ìžˆìŠµë‹ˆë‹¤.

[íƒ•ë¹„ Zone]
ë¼ë©´, ì°¨, ê°„ì‹, ì»¤í”¼ë¨¸ì‹  ë“± ìžìœ ë¡­ê²Œ ì´ìš©í•  ìˆ˜ ìžˆì–´ìš”.
ì›í•˜ëŠ” ê°„ì‹ ë§¤ë²ˆ ìš”ì²­í•  ìˆ˜ ìžˆì–´ìš”.

[ì—…ê³„ ìµœê³  ì¡°ê±´ ì œê³µ]
í›Œë¥­í•œ ì¸ìž¬ë“¤ì„ ëª¨ì‹œê³  ì˜¤ê¸° ìœ„í•´, ë™ì¢… ì—…ê³„ì— ë¹„í•´ì„œ ë” í›Œë¥­í•œ ì²˜ìš°ë¥¼ ì œê³µí•˜ê³  ìžˆì–´ìš”.","ì¶©ë‚¨ ì²œì•ˆì‹œ ì„œë¶êµ¬ ì²œì•ˆì²œ4ê¸¸ 32, 1ì¸µ",ê³¼ ë¬´ê´€í•˜ê²Œ í•¨ê»˜ ë¹„ì¦ˆë‹ˆìŠ¤ë¥¼ í•˜ì‹¤ ë¶„ì„ ëª¨ì‹œê³  ìžˆìŠµë‹ˆë‹¤ ê´€ë ¨ ì—…ë¬´ ê²½ë ¥ 0ë…„ ì´ìƒ 5ë…„ ë¯¸ë§Œì‹ ìž… ë¬´ê´€ Sales ë¶„ì•¼ì— ì ìš©ë˜ëŠ” ì´ë¡  ë° ì ˆì°¨ì— ëŒ€í•œ ê¸°ë³¸ ì§€ì‹ ë³´ìœ í•˜ì‹  ë¶„ ë¸Œëžœë“œì‚¬ ë° í¬ë¦¬ì—ì´í„° ì»¤ë®¤ë‹ˆì¼€ì´ì…˜ ì—…ë¬´ ê²½í—˜ ë³´ìœ í•˜ì‹  ë¶„ í¬ë¦¬ì—ì´í„° ìœ íŠœë¸Œ ì¸ìŠ¤íƒ€ê·¸ëž¨ ë“± ì½˜í…ì¸ ì— ëŒ€í•œ ì´í•´ë„ ë†’ìœ¼ì‹  ë¶„ ì¸í”Œë£¨ì–¸ì„œ ë§ˆì¼€íŒ… ë° ì½˜í…ì¸  ê¸°íš ë“± ê´€ë ¨ ì—…ë¬´ ê²½í—˜ ë³´ìœ í•˜ì‹  ë¶„ ì›Œë“œPPTì—‘ì…€figma ìž‘ì„± ë° ì»´í“¨í„° í™œìš© ëŠ¥ë ¥ ë³´ìœ ìž ì¸í”Œë£¨ì–¸ì„œ ë§ˆì¼€íŒ… í”Œëž«í¼ ê´‘ê³ ëŒ€í–‰ì‚¬ ì—…ë¬´ ë° MCN ì—…ë¬´ ê²½ë ¥ ë³´ìœ í•˜ì‹  ë¶„ az í•´ê²°í•´ ë‚˜ê°ˆ ë§ˆì¸ë“œì…‹ê³¼ ìŠ¤íƒ€íŠ¸ì—… ìž¬ì§ ê²½í—˜ì´ ìžˆìœ¼ì‹  ë¶„ ì£¼ë„ì ì¸ í”„ë¡œì íŠ¸ ìˆ˜í–‰ ëŠ¥ë ¥ì´ ìžˆìœ¼ì‹  ë¶„ ë¸Œëžœë“œì˜ ë‹ˆì¦ˆë¥¼ ì¶©ì¡±í•˜ëŠ” ë‰´ë¯¸ë””ì–´ í”Œëž«í¼ ë¹„ì¦ˆë‹ˆìŠ¤ ëª¨ë¸ êµ¬ì¶•ìˆ˜í–‰ ê²½í—˜ì´ ìžˆìœ¼ì‹ ë¶„ ì• ìžì¼ ì¡°ì§ ë° ë¦° ìŠ¤íƒ€íŠ¸ì—…ì— ëŒ€í•œ ê°œë…ì´ ìžˆìœ¼ì‹  ë¶„,1671
(ì£¼)ì•ŒíŒŒë¸Œë¼ë”ìŠ¤,ê³„ì•½ì§ (ì •ê·œì§ ì „í™˜ ê°€ëŠ¥),"['ê¸°íš', 'ì—‘ì…€', 'ì»¨ì„¤íŒ…', 'ì „ëžµ', 'ì‚¬ì—…ê¸°íš', 'PPT']","ì•ŒíŒŒë¸Œë¼ë”ìŠ¤
We Build Company - ì•ŒíŒŒë¸Œë¼ë”ìŠ¤ëŠ” ì»´í¼ë‹ˆ ë¹Œë”©í˜• ì•¡ì…€ëŸ¬ë ˆì´í„°ìž…ë‹ˆë‹¤.
ðŸ’° íˆ¬ìžì‹¤ì  : 2020ë…„ë¶€í„° ëˆ„ì  21.7ì–µì›
ðŸ‘©â€ðŸ‘§â€ðŸ‘¦ ì‚¬ë‚´ë²¤ì²˜ ì‹¤ì  : 2020ë…„ë¶€í„° ë§¤í•´ 1ê°œ ì‚¬ë‚´ë²¤ì²˜ ì°½ì—…
ðŸ›ï¸ ì •ë¶€ ì—°ê³„ ì•¡ì…€ëŸ¬ë ˆì´íŒ… : 2022ë…„ë¶€í„° ë§¤í•´ í‰ê·  3ê°œ ìš©ì—­ ì‹¤í–‰

ì•ŒíŒŒë¸Œë¼ë”ìŠ¤ëŠ” ì´ˆê¸°ê¸°ì—…ì„ ëŒ€ìƒìœ¼ë¡œ íˆ¬ìží•˜ëŠ” ì•¡ì…€ëŸ¬ë ˆì´í„°ì´ë©°, ê·¸ ì¤‘ì—ì„œë„ ë‹¨ìˆœ ìžê¸ˆì§€ì›ì—ì„œ ê·¸ì¹˜ì§€ ì•Šê³  ì‹¤ë¬´ì¸ë ¥ê¹Œì§€ ì§€ì›í•˜ëŠ” ACTIVE ì•¡ì…€ëŸ¬ì—ì´í„°ìž…ë‹ˆë‹¤. ðŸš€

ðŸ’° íˆ¬ìž : ìœ ë§í•œ ê¸°ì—…ì„ ë°œêµ´í•˜ê³  ê¸°ì—…ê°€ì¹˜ ì¦ëŒ€ë¥¼ ìœ„í•œ ì§ì ‘íˆ¬ìžì™€ í›„ì†íˆ¬ìž ì—°ê³„ë¥¼ ì§€ì›í•©ë‹ˆë‹¤.
ðŸ‘¨â€ðŸ« ì‚¬ì—…ê¸°íš ì»¨ì„¤íŒ… : ê¸°ì—…ë“¤ì˜ ìžê¸ˆí™•ë³´ì™€ ë§¤ì¶œì¦ëŒ€ë¥¼ ìœ„í•œ ì‚¬ì—…ê¸°íš ë° BM ì§„ë‹¨ ì»¨ì„¤íŒ…ì„ ì œê³µí•©ë‹ˆë‹¤.
ðŸŽ¨ ë””ìžì¸ ì„œë¹„ìŠ¤ : ë°œêµ´ëœ ê¸°ì—…ë“¤ì„ ëŒ€ìƒìœ¼ë¡œ ì‚¬ì—…ì— í•„ìš”í•œ ë””ìžì¸ ì„œë¹„ìŠ¤ ì „ë°˜ì„ ì œê³µí•©ë‹ˆë‹¤. (ê¸°ì—… í† íƒˆ ë¸Œëžœë”©, ê·¸ëž˜í”½ ë””ìžì¸, UXUI, ì‚¬ì§„/ì˜ìƒ ì´¬ì˜ ë“±)
ðŸ“¢ ë§ˆì¼€íŒ… ì„œë¹„ìŠ¤ : ë°œêµ´ëœ ê¸°ì—…ë“¤ì˜ ë§¤ì¶œì¦ëŒ€ë¥¼ ìœ„í•œ ì˜¨ë¼ì¸ ë§ˆì¼€íŒ… ì „ë°˜ì„ ì§€ì›í•©ë‹ˆë‹¤.",ì•ŒíŒŒë¸Œë¼ë”ìŠ¤ IR íŒ€ìœ¼ë¡œ í•©ë¥˜í•˜ì‹œë©´ í¬ë¦¬ì—ì´í‹°ë¸Œ ì†Œì†ìœ¼ë¡œ ë‹¤ìŒê³¼ ê°™ì€ ì¼ì„ í•©ë‹ˆë‹¤ íˆ¬ìžìœ ì¹˜ë¥¼ ìœ„í•œ ë¹„ì¦ˆë‹ˆìŠ¤ ë¬¸ì„œ ìž‘ì„±íˆ¬ìžê³„íšì„œ ì‚¬ì—…ì œì•ˆì„œ ë“± ì•¡ì…€ëŸ¬ë ˆì´íŒ… í”„ë¡œê·¸ëž¨ ê¸°íš ë° ìš´ì˜ íˆ¬ìžìœ ì¹˜ ê´€ë ¨ ë©˜í† ë§ ë° êµìœ¡ ì§„í–‰ íˆ¬ìžìž ë° ì°½ì—…ì§€ì› ë„¤íŠ¸ì›Œí¬ ê´€ë¦¬,"[ì„œë¥˜ì „í˜•]
- ìƒì‹œì±„ìš©ìœ¼ë¡œ ì§„í–‰ë˜ë©°, ì´ë ¥ì„œë¥¼ ê²€í† í•˜ëŠ” ëŒ€ë¡œ í•©ê²©, ë¶ˆí•©ê²© ìƒê´€ ì—†ì´ ëª¨ë“  ì§€ì›ìž ë¶„ê»˜ ì„œë¥˜ì „í˜• ê²°ê³¼ë¥¼ ë°œí‘œí•©ë‹ˆë‹¤.
ã† ì´ë ¥ì„œì™€ ìžê¸°ì†Œê°œì„œ ì œì¶œ(í•„ìˆ˜)
ã† ì§€ì›í•œ ì´ìœ ì™€ ì§€ì› ì§ë¬´ê´€ë ¨ ê²½í—˜ ë° ë³´ìœ  ì—­ëŸ‰ê´€ë ¨ ë‚´ìš©ì„ ì§€ì›ì„œì— í¬í•¨í•´ ì£¼ì„¸ìš”. (ì œì¶œì‹œ ì„œë¥˜ ê²€í† ë¥¼ ë” ë¹ ë¥´ê²Œ ì§„í–‰í•  ìˆ˜ ìžˆìŠµë‹ˆë‹¤!)

[ê³¼ì œ]
- ê³¼ì œëŠ” ì¸í„°ë·° ì¼ì • 1ì¼ ì „ê¹Œì§€, ì§„í–‰ í›„ ì „ë‹¬í•´ì£¼ì‹œê¸° ë°”ëžë‹ˆë‹¤.

[ì‹¤ë¬´ ë©´ì ‘ - Skill Set Interview]
- ì´ë ¥ì„œ, ìžê¸°ì†Œê°œì„œ, í¬íŠ¸í´ë¦¬ì˜¤ë¥¼ ì¤‘ì‹¬ìœ¼ë¡œ ì´ì•¼ê¸° í•˜ë˜, ë³¸ì¸ì˜ í•µì‹¬ ìŠ¤í‚¬ì…‹ì´ ë¬´ì—‡ì¸ì§€ ì™œ ê·¸ë ‡ê²Œ ìƒê°í•˜ëŠ”ì§€ì— ëŒ€í•´ ì—¬ëŸ¬ ê²½í—˜ì„ í•¨ê»˜ ì†Œí†µí•˜ëŠ” ìžë¦¬ìž…ë‹ˆë‹¤.

â˜… ì„œë¥˜ ì ‘ìˆ˜ ë° í¬íŠ¸í´ë¦¬ì˜¤ ì œì¶œ â†’ ê³¼ì œ â†’ ì‹¤ë¬´ ë©´ì ‘ â†’ ì²˜ìš°í˜‘ì˜ â†’ ê°•ì í…ŒìŠ¤íŠ¸ â†’ ìµœì¢…í•©ê²©
â€» ë©´ì ‘ì¼ì •ì€ ì¶”í›„ í†µë³´ë©ë‹ˆë‹¤.
â€» í¬íŠ¸í´ë¦¬ì˜¤ ë° ê²½ë ¥ê¸°ìˆ ì„œ ì²¨ë¶€ (ìœ ê²½í—˜ìž í•„ìˆ˜ ì œì¶œ - ì—¬ëŸ¬ ë””ìžì¸ ì—…ë¬´ ê²½í—˜í•´ë³´ì‹  ë¶„ / ì‹ ìž…ì€ í•´ë‹¹ X)
â€» íŒŒì¼í¬ê¸°ê°€ 5MBë¥¼ ë„˜ëŠ” ê²½ìš° ì„œë¥˜ ì ‘ìˆ˜ ì‹œ ZIPíŒŒì¼ë¡œ ì²¨ë¶€í•˜ì—¬ ì œì¶œ
â€» í¬ì§€ì…˜ì— ë”°ë¼ ì‚¬ì „ ê³¼ì œê°€ ìžˆì„ ìˆ˜ ìžˆìŠµë‹ˆë‹¤.

[ì°¸ê³ ì‚¬í•­]
â€» ë©´ì ‘ ìž¥ì†Œ : ë³¸ì‚¬ íšŒì˜ì‹¤ ë‚´ ëŒ€ë©´ ë©´ì ‘ ì§„í–‰
â€» ë©´ì ‘ ì‹œ í•„ìš” ì„œë¥˜ : ì´ë ¥ì„œ ë° í¬íŠ¸í´ë¦¬ì˜¤
â€» ìµœì¢… í•©ê²©ì‹œ ê°œë³„ ì—°ë½ìœ¼ë¡œ ì•ˆë‚´í•©ë‹ˆë‹¤.

[íšŒì‚¬ ìœ„ì¹˜]
ì„œìš¸ì‹œ ê°•ì„œêµ¬ ê³µí•­ëŒ€ë¡œ 45ê¸¸ 71, 3,8ì¸µ / ì„œìš¸ì‹œ ê°•ì„œêµ¬ ê³µí•­ëŒ€ë¡œ 45ê¸¸ 75, 5ì¸µ","ì•ŒíŒŒë¸Œë¼ë”ìŠ¤ëŠ” êµ¬ì„±ì›ë“¤ì´ ìµœê³ ì˜ í¼í¬ë¨¼ìŠ¤ë¥¼ ë‚¼ ìˆ˜ ìžˆë„ë¡ ë‹¤ì–‘í•œ ë³µë¦¬í›„ìƒ í”„ë¡œê·¸ëž¨ì„ ì œê³µí•˜ë©°, ë” ì¢‹ì€ ê·¼ë¬´í™˜ê²½ì„
ë§Œë“¤ê¸° ìœ„í•´ ì§€ì†ì ìœ¼ë¡œ ë°œì „í•˜ê³  ìžˆìŠµë‹ˆë‹¤.

[ë¬¸í™” - ì•ŒíŒŒë¸Œë¼ë”ìŠ¤ì˜ Work Culture]
1. ì‹œì°¨ì¶œí‡´ê·¼ì œ - ì˜¤ì „ 8ì‹œ - 11ì‹œ ì‚¬ì´ ìžìœ ë¡œìš´ ì¶œê·¼ (ì¶œê·¼ê¸¸ì— ë” ì´ìƒ ë›°ì§€ ë§ˆì„¸ìš”!)
2. ì½”ì–´ íƒ€ìž„ì„ í™œìš©í•œ ìœ ì—°ê·¼ë¬´ì œ ìš´ì˜ - ì¼ ê¸°ë³¸ 8ì‹œê°„ ê·¼ë¬´, ì›”-ëª© ì—°ìž¥ê·¼ë¬´ ì‹œ ê¸ˆìš”ì¼ ì¡°ê¸°í‡´ê·¼ ê°€ëŠ¥ (ì½”ì–´íƒ€ìž„ 11 - 16ì‹œ)
3. 1ëŒ€1 ë¯¸íŒ…ì„ í†µí•œ ì§€ì†ì ìœ¼ë¡œ ì—…ë¬´ ì„±ê³¼ ë° ì„±ìž¥ì— ëŒ€í•´ íšŒê³  ë° í”¼ë“œë°± ì œê³µ
4. ìž¬íƒê·¼ë¬´ì œ - í•˜ê³  ì‹¶ì€ ê³³ì—ì„œ í•´ìš”! (3ê°œì›” ì´ìƒ ê·¼ë¬´ ì‹œ ìž¬íƒê·¼ë¬´ ì‹ ì²­ ê°€ëŠ¥)
5. íˆ¬ëª…í•˜ê²Œ ì •ë³´ë¥¼ ê³µìœ í•˜ê³  í•©ë¦¬ì ìœ¼ë¡œ ì†Œí†µ
ã†ì˜¤í”ˆ ì»¤ë®¤ë‹ˆì¼€ì´ì…˜ ì¶”êµ¬, ë‹¤ì–‘í•œ ì†Œí†µ ì°½êµ¬ ë³´ìœ 
ã†ë…¸ì…˜ ë° í•˜ì´ì›ìŠ¤ë¥¼ í†µí•œ ì „ì²´ ì •ë³´ ê³µìœ  (ì „ì‚¬ ê·¼ë¬´ì¼ì§€ ë° íœ´ê°€ìº˜ë¦°ë”)
6. ìˆ˜í‰ì  ì†Œí†µ ë¬¸í™” (ì¸í„´ë„ ëŒ€í‘œë„ ëª¨ë‘ ë‹¤ 'ë‹˜'ìœ¼ë¡œ í†µì¼!)
7. ì‹ ìž…ì‚¬ì›ì„ ìœ„í•œ ì˜¨ë³´ë”© êµìœ¡ (ì ì‘ì„ ì¶©ë¶„ížˆ ìž˜í•  ìˆ˜ ìžˆë„ë¡ ìµœì„ ì„ ë‹¤í•´ ë„ì™€ë“œë ¤ìš”!)
8. ë³µìž¥ ì œí•œ X (íŒ¨ì…˜ì˜ ìžìœ ë¡œì›€ ì¡´ì¤‘)
9. 1ì´ˆë„ ì§‘ì¤‘í•˜ê¸° ì—…ë¬´ê³µê°„, ìž„ì§ì›ë“¤ì„ ìœ„í•œ ìŠ¤ë§ˆíŠ¸ ì›Œí¬ë¶€ìŠ¤ ì œê³µ
10. í•˜ì´ë¸Œë¦¬ë“œ íšŒì˜ë¥¼ ìœ„í•œ ê¹”ë”í•œ íšŒì˜ì‹¤ ì œê³µ (ìµœì‹  í”„ë¡œì ì…˜ ë° í‹°ë¹„ ë³´ìœ )

[ë³µì§€ - MZì„¸ëŒ€ë“¤ì„ ìœ„í•œ 'ì Šì€ ë³µì§€']
1. ì¾Œì í•œ ì—…ë¬´ ê³µê°„ ì§€ì›
ã†ì¹´íŽ˜/ë¼ìš´ì§€/í…Œë¼ìŠ¤ ë³´ìœ 
ã†ì¹´íŽ˜í…Œë¦¬ì•„ ì œê³µ (1ì¼ 1ìž”ì˜ ì»¤í”¼ í˜¹ì€ í‹° ì œê³µ)
2. ì—…ê³„ ìµœê³  ìˆ˜ì¤€ì˜ ìž¥ë¹„ ì œê³µ (ì§ë¬´ì— ë”°ë¼ ìƒì´)
3. ì§ë¬´ ê´€ë ¨ êµìœ¡ ë° ìžê¸°ê°œë°œ ë¹„ìš© ì ê·¹ ì§€ì› (ì˜¨/ì˜¤í”„ë¼ì¸ ê°•ì˜, ë„ì„œ, ì„¸ë¯¸ë‚˜ ë“±)
4. ë‹¤ì–‘í•˜ê³  ë§›ìžˆëŠ” ê°„ì‹ ì‚¬ë¨¹ì„ ìˆ˜ ìžˆëŠ” ê°œì¸ ë³µì§€ ì¹´ë“œ ì œê³µ
5. ëˆˆì¹˜ì—†ëŠ” ìžìœ ë¡œìš´ ì—°ì°¨ ì‚¬ìš© (ë°˜ì°¨, ì—°ì°¨, ìž¥ê¸° ì—°ì°¨ - 9ë°•10ì¼ê¹Œì§€)
6. ìƒì¼ìž ìƒì¼ì„ ë¬¼, ê²½ì¡°íœ´ê°€/ê²½ì¡°ê¸ˆ/ê²½ì¡°ë¬¼í’ˆ ì§€ì›
7. ëª…ì ˆì„ ë¬¼ ì§€ê¸‰ (ë°±í™”ì  ìƒí’ˆê¶Œ ì§€ê¸‰)
8. ì›°ì»´í‚¤íŠ¸ ì œê³µ
9. ì†Œí†µê³¼ êµë¥˜ë¥¼ ìœ„í•œ ì§€ì›
ã†ë§¤ë‹¬ íŒ€ë³„ë¡œ ì‚¬ìš©í•  ìˆ˜ ìžˆëŠ” ë³µë¦¬í›„ìƒë¹„ë¥¼ ì œê³µ
10. ì•¼ê·¼ì‹œ ì„ì‹ ë° íƒì‹œë¹„ ì§€ì›í•´ë“œë ¤ìš”! (11ì‹œ ì´í›„ëŠ” ì•ˆì „ ê·€ê°€ë¥¼ ìœ„í•´ íƒì‹œë¥¼ íƒ€ìš”!)
11. ì¤‘ì†Œê¸°ì—…ì·¨ì—…ì²­ë…„ì†Œë“ì„¸ê°ë©´, ì¤‘ê¸°ì²­ ëŒ€ì¶œ, êµ­ê°€ ì—°ê³„ì§€ì› ë“± ìžê²©ìš”ê±´ì— ë§žì„ ê²½ìš° ì§€ì›
12. ìž„ì§ì› ìŠ¤íŠ¸ë ˆìŠ¤ í•´ì†Œë¥¼ ìœ„í•œ ì‚¬ë‚´ ê³ ì¶©ìƒë‹´ ìš´ì˜ 
13. ì—…ë¬´í•˜ë‹¤ ì§€ì¹œ ìž„ì§ì›ë“¤ì„ ìœ„í•´ ì•ˆë§ˆì˜ìž ë³´ìœ ","ì„œìš¸ì‹œ ê°•ì„œêµ¬ ê³µí•­ëŒ€ë¡œ45ê¸¸ 71, 3ì¸µ(ë“±ì´Œë™, ì”¨ì—ì¹˜ë¹Œë”©)", ì´ëŸ° ë¶„ê³¼ í•¨ê»˜ í•˜ê³  ì‹¶ì–´ìš” í•œê¸€ PPT ì—‘ì…€ ë“± OA íˆ´ ì‚¬ìš©ì´ ê°€ëŠ¥í•œ ë¶„ ì›í™œí•œ ëŒ€ì‘ ë° ì»¤ë®¤ë‹ˆì¼€ì´ì…˜ì— ìžì‹ ìžˆëŠ” ë¶„ ì‹ ìž… ë˜ëŠ” ìœ ê´€ ê²½ë ¥ì´ ìžˆìœ¼ì‹  ë¶„6ê°œì›” ì´ìƒ  1ë…„ ì´í•˜ì´ëŸ° ë¶„ì„ ìš°ëŒ€í•©ë‹ˆë‹¤ ìŠ¤íƒ€íŠ¸ì—… íˆ¬ìž ì•¡ì…€ëŸ¬ë ˆì´íŒ…ì— ê´€ì‹¬ìžˆëŠ” ë¶„ ê¸°ì—…ë¶„ì„ ì‹œìž¥ì¡°ì‚¬ ë“± ë¦¬ì„œì¹˜ ë° ë¶„ì„ ê²½í—˜ì´ ìžˆëŠ” ë¶„ ë¹„ì¦ˆë‹ˆìŠ¤ ë¬¸ì„œìž‘ì„± ê²½í—˜ì´ ìžˆìœ¼ì‹  ë¶„ ëŠ¥ë™ì ì¸ ì—…ë¬´íƒœë„ì™€ ë¹ ë¥¸ ìŠµë“ë ¥ì„ ê°€ì§„ ë¶„ ê¼¼ê¼¼í•˜ê³  ì±…ìž„ê°ì´ ê°•í•˜ì‹  ë¶„ ìž¥ê¸°ê·¼ë¬´ ê°€ëŠ¥í•˜ì‹  ë¶„ ,2655
(ì£¼)ë°ì´í„°ë±…í¬,ì •ê·œì§,"['UX', 'UI', 'adobe photoshop', 'Adobe Illustrator', 'Figma']","ê³ ì•¡ì˜ 1:1 ê³¼ì™¸ ëŒ€ì‹  AI ì±„ì ê¸°ê°€ ë‚˜ì˜ ì˜ì–´ ìŠ¤í”¼í‚¹, ë¼ì´íŒ…ì„ ì‹¤ì‹œê°„ìœ¼ë¡œ, ìŠ¤íƒ€ê°•ì‚¬ë³´ë‹¤ ë” ì •í™•í•˜ê²Œ ì±„ì  & ì²¨ì‚­í•´ì£¼ê³  í•™ìƒì—ê²Œ ìµœì í™”ëœ ë§žì¶¤í˜• êµìœ¡ì„ ì œê³µí•´ì£¼ëŠ” ê³³ì´ ì™œ ì—†ì„ê¹Œ? ì •ë§ ê·¸ëŸ° ì„œë¹„ìŠ¤ë¥¼ ë§Œë“ ë‹¤ë©´ ìš°ë¦¬ê°€ ê¸€ë¡œë²Œ êµìœ¡ ì‚°ì—…ì„ ìž¬íŽ¸í•  ìˆ˜ ìžˆê² ë‹¤ ë¼ëŠ” í™•ì‹ ì—ì„œ 2019ë…„ ë°ì´í„°ë±…í¬ëŠ” ì‹œìž‘ë˜ì—ˆìŠµë‹ˆë‹¤.

ë¨¸ì‹ ëŸ¬ë‹ê³¼ ë”¥ëŸ¬ë‹ ê¸°ìˆ ì´ íƒ‘ìž¬ëœ ë°ì´í„°ë±…í¬ì˜ ì²« ë²ˆì§¸ Product â€˜TestGliderâ€™ (å‰ í† í”Œë±…í¬) ëŠ” ì „ ì„¸ê³„ ìµœì´ˆë¡œ í•™ìƒë“¤ì˜ ìŠ¤í”¼í‚¹/ë¼ì´íŒ… ë‹µì•ˆì˜ ë‚´ìš©ì„ ë”¥ëŸ¬ë‹ ê¸°ë°˜ AIê°€ í‰ê°€í•˜ê³ , ë§žì¶¤í˜• êµìœ¡ì„ ì œê³µí•´ì£¼ëŠ” í˜ì‹ ì ì¸ AIEd (AI in Education) ì†”ë£¨ì…˜ì„ ì œê³µí•´, í”„ë¡œí† íƒ€ìž… ê°œë°œ 3ë…„ë§Œì— ì „ ì„¸ê³„ 201ê°œêµ­ì˜ 60ë§Œ ëª… ì´ìƒì˜ ìœ ì €ê°€ ì‚¬ìš©í•˜ëŠ” ì„œë¹„ìŠ¤ê°€ ë˜ì—ˆìŠµë‹ˆë‹¤. ê·¸ë¦¬ê³  2022ë…„ì—ëŠ” ëŒ€ì›ì™¸ê³ , ì™¸ëŒ€ë¶€ê³ , ê²½í¬ëŒ€ ë“± êµ­ë‚´ í•™êµì— ë„ìž…ì„ ì‹œìž‘ìœ¼ë¡œ í˜„ìž¬ëŠ” ì¸ë„, ìº„ë³´ë””ì•„, ëª½ê³¨ í•™êµê¹Œì§€. í˜„ìž¬ëŠ” ê¸€ë¡œë²Œ êµìœ¡ê¸°ê´€ì—ì„œ ì‚¬ìš©í•˜ëŠ” ì„œë¹„ìŠ¤ë¡œ ì„±ìž¥í•´ ì„±ê³µì ìœ¼ë¡œ ê¸€ë¡œë²Œ product-market-fit ì„ ì¦ëª…í•´ëƒˆìŠµë‹ˆë‹¤.

ë°ì´í„°ë±…í¬ëŠ” 2020ë…„ ì‹œë“œ íˆ¬ìž, 2021ë…„ ì‹œë¦¬ì¦ˆ A, 2022ë…„ ì‹œë¦¬ì¦ˆ B íˆ¬ìž ë“± ì„¤ë¦½ëœì§€ 4ë…„ë§Œì— ëˆ„ì  íˆ¬ìžê¸ˆ & ì§€ì›ê¸ˆ 100ì–µì› ì´ìƒì„ ìœ ì¹˜í•˜ë©° ë¹ ë¥´ê²Œ ì„±ìž¥í•˜ê³  ìžˆëŠ” ì—ë“€í…Œí¬ ìŠ¤íƒ€íŠ¸ì—… ìž…ë‹ˆë‹¤.

*About TestGlider: https://www.testglider.com/ko", ì„œë¹„ìŠ¤ ì±„ë„ ì›¹ì•± ë‚´ ì»¨í…ì¸  í¬ë¦¬ì—ì´í‹°ë¸Œ ë° ë””ìžì¸   UIUX ì„¤ê³„ ë° ë¹„ì£¼ì–¼ ì»¨ì…‰ ë„ì¶œ  ê´‘ê³ ì†Œìž¬ ê¸°íšì „ ë‰´ìŠ¤ë ˆí„° ë“±ì˜ ìº íŽ˜ì¸ ì—ì…‹ ë””ìžì¸  BI ì œìž‘ ë° ë¹„ì£¼ì–¼ ì•„ì´ë´í‹°í‹° ê°€ì´ë“œë¼ì¸ ìˆ˜ë¦½ ,"1. ì´ë ¥ì„œ ê²€í† 
2. ìºì¥¬ì–¼ í‹°íƒ€ìž„
3. ì¸í„°ë·°
4. ê³„ì•½ ì²´ê²°
 - 3ê°œì›”ì˜ ì˜¨ë³´ë”©(ìˆ˜ìŠµ) ê¸°ê°„ì´ ìžˆìŠµë‹ˆë‹¤.
 - ì˜¨ë³´ë”©(ìˆ˜ìŠµ)ê¸°ê°„ ì¤‘ì—ë„ ê¸‰ì—¬ëŠ” 100% ì§€ê¸‰ë©ë‹ˆë‹¤.","(ë” ë‚˜ì€ ê·¼ë¬´í™˜ê²½ì„ ìœ„í•´)
- ìœ ì—°ê·¼ë¬´ì œ ìš´ì˜ (ì˜¤ì „ 8ì‹œ ~ ì˜¤í›„ 1ì‹œ ì‚¬ì´ ìžìœ ë¡œìš´ ì¶œí‡´ê·¼)
- ì£¼ 1íšŒ ìž¬íƒê·¼ë¬´ ê°€ëŠ¥
- ìƒì¼ ë°˜ì°¨, ê±´ê°•ê²€ì§„ ì—°ì°¨ ì œê³µ
- ê°œì¸ ë²•ì¸ ì¹´ë“œ ì œê³µ
- ë§¥ë¶, ëª¨ë‹ˆí„°, ê·¸ ì™¸ í•„ìš”í•œ ê¸°íƒ€ ìž¥ë¹„ ì§€ì›
- ì—°ê°„ 300ë§Œì› ìƒë‹¹ì˜ ì ì‹¬ ì‹ëŒ€ ì§€ì›
- ì—°ê°„ 200ë§Œì› ìƒë‹¹ì˜ ìžê¸°ê°œë°œë¹„ ì§€ì›
- ì•¼ê·¼ ì‹œ ì‹ëŒ€ ì§€ì›
- ë‹¤ì–‘í•œ ê°„ì‹ ì¢…ë¥˜ & ì›ë‘ ì»¤í”¼ ì œê³µ","ì„œìš¸íŠ¹ë³„ì‹œ ê°•ë‚¨êµ¬ í…Œí—¤ëž€ë¡œ86ê¸¸ 12, 2ì¸µ", ì›¹ ì„œë¹„ìŠ¤ UIë””ìžì¸ ê²½ë ¥ 3ë…„ ì´ìƒì´ì‹  ë¶„  ë°˜ì‘í˜• ì›¹ ë””ìžì¸ ê²½í—˜ì´ ìžˆìœ¼ì‹  ë¶„  Figmaë¥¼ í†µí•œ ì›¹ UI ë””ìžì¸ ê°€ëŠ¥í•˜ì‹  ë¶„  ê¸°ë³¸ Adobe í¬í† ìƒµ ì¼ëŸ¬ìŠ¤íŠ¸ë ˆì´í„° ë””ìžì¸ íˆ´ ì‚¬ìš©ì´ ëŠ¥ìˆ™í•˜ì‹  ë¶„  ê³ ê°ì— ëŒ€í•œ ì´í•´ë¥¼ ë°”íƒ•ìœ¼ë¡œ ì§ê´€ì ì´ê³  í€„ë¦¬í‹° ë†’ì€ ì»¨í…ì¸  ë””ìžì¸ ê°€ëŠ¥í•˜ì‹  ë¶„ ìž‘ì—… ì†ë„ê°€ ë¹ ë¥´ê³  ì—¬ëŸ¬ ì—…ë¬´ì— ìœ ì—°í•˜ê²Œ ëŒ€ì‘í•˜ì‹¤ ìˆ˜ ìžˆëŠ” ë¶„  Html  CSS ì— ëŒ€í•œ ì´í•´ë„ê°€ ìžˆìœ¼ì‹  ë¶„  ì‹œê° ë””ìžì¸ ì‚°ì—… ë””ìžì¸ ë©€í‹° ë¯¸ë””ì–´ ë””ìžì¸ ë“± UIUX ê´€ë ¨ ì „ê³µí•˜ì‹  ë¶„ ë¸Œëžœë”© ê°€ì´ë“œ ìˆ˜ë¦½ ë° ë¹„ì£¼ì–¼ ë””ë ‰íŒ… ê²½í—˜ì´ ìžˆìœ¼ì‹  ë¶„ ,4636
(ì£¼)ë¶€ìŠ¤íŠ¸ëž©,ì •ê·œì§,"['ê¸°íš', 'ë””ìžì¸', 'BI', 'íŒ¨í‚¤ì§€ë””ìžì¸', 'BXë””ìžì¸', 'BX']","Boost Your Career!

ë¶€ìŠ¤íŠ¸ëž©ì€ 'ê³ ê°ì˜ ëª©ì†Œë¦¬'ì—ì„œ 'ê³ ê°ì„ ìœ„í•œ ë¸Œëžœë“œ'ë¥¼ ì¸íë² ì´íŒ… í•˜ëŠ” ëŒ€í•œë¯¼êµ­ ëŒ€í‘œ ë¯¸ë””ì–´ì»¤ë¨¸ìŠ¤ ìž…ë‹ˆë‹¤.

ìš°ë¦¬ëŠ” ì¼ìƒì˜ ë¬¸ì œë¥¼ í•´ê²°í•˜ëŠ” ìƒˆë¡œìš´ ì œí’ˆê³¼ ì°½ì˜ì ì¸ ì½˜í…ì¸ ë¥¼ ê¸°íší•´ ê³ ê°ì—ê²Œ ë” ë‚˜ì€ ê°€ì¹˜ì™€ ê²½í—˜ì„ ì œê³µí•œë‹¤ëŠ” ëª¨í† ë¥¼ ê°€ì§€ê³  ìžˆì–´ìš”. ì´ë¥¼ ìœ„í•´ 5ê°€ì§€ì˜ ë¸Œëžœë“œë¥¼ ìš´ì˜í•˜ë©°, ì œí’ˆ ì¤‘ì‹¬ì˜ ìˆ˜ëª…ì´ ì§§ì€ ë¸Œëžœë“œê°€ ì•„ë‹Œ ì˜¤ëžœì‹œê°„ ì‚¬ëž‘ë°›ëŠ” ë¸Œëžœë“œë¥¼ ë§Œë“¤ê¸° ìœ„í•´ ë…¸ë ¥í•˜ê³  ìžˆì–´ìš”.

ë¶€ìŠ¤íŠ¸ëž©ì€ ì„¤ë¦½ 4ë…„ë°˜ë§Œì— ì—°ë§¤ì¶œ 360ì–µ ëŒíŒŒ, ì—°í‰ê·  250% ê³ ì†ì„±ìž¥ì„ ì´ë¤„ë‚´ë©° ëŒ€í‘œ ë¯¸ë””ì–´ì»¤ë¨¸ìŠ¤ë¡œ ìžë¦¬ìž¡ì•˜ê³ , ì—…ê³„ ìµœê³ ì˜ ì—­ëŸ‰ì„ ë³´ìœ í•œ 100ì—¬ëª…ì˜ êµ¬ì„±ì›ë“¤ê³¼ í•¨ê»˜ ë” í° ë„ì•½ì„ ìœ„í•´ ë‹¬ë ¤ê°€ê³  ìžˆì–´ìš”.

ë¶€ìŠ¤íŠ¸ëž©ì˜ ë„ì•½ì— í•¨ê»˜í•´ì£¼ì„¸ìš” 


Boost Brand
ê³ ê°ì˜ ëª©ì†Œë¦¬ì—ì„œ ê³ ê°ì„ ìœ„í•œ ë¸Œëžœë“œë¥¼ ë§Œë“­ë‹ˆë‹¤.

[1]ë¼ì´í”„ì¼€ì–´ ë¸Œëžœë“œ 'La vikit'
- 2022 í•œêµ­ ì†Œë¹„ìž í‰ê°€ ë¼ì´í”„ì¼€ì–´ ë¶€ë¬¸ ìµœê³ ì˜ ë¸Œëžœë“œ 1ìœ„

[2]ë‚´ ëª¸ì˜ ê±´ê°•í•œ ìŠµê´€ 'ergobody'
- ë°¸ëŸ°ìŠ¤ ë³´ë“œ 10ë§Œê°œ íŒë§¤ ëŒíŒŒ

[3]ë‘í”¼ì¼€ì–´ ì „ë¬¸ ë¸Œëžœë“œ 'EPUNOL'
- í™”í•´ ì–´ì›Œì¦ˆ 1ìœ„

[4]ì‹œì„ ì„ ë„ëŠ” ë‹¹ì‹ ë§Œì˜ í–¥ 'LUAFEEE'

[5]ë¹„ê±´ ë·°í‹° ë¸Œëžœë“œ'Veganifect'


Booster People_ ìš°ë¦¬ëŠ” ì´ë ‡ê²Œ ì¼í•´ìš”
[1] ë¹ ë¥´ê²Œ ì‹¤í–‰í•˜ê³  ë°ì´í„°ë¡œ ê²€ì¦í•´ìš”.
- ì œí’ˆê³¼ ì»¨í…ì¸ ì— ëŒ€í•œ ê³ ê° ê´€ì ì˜ â€˜ê·¼ê±°ìžˆëŠ” ê°€ì„¤â€™ì„ ìˆ˜ë¦½í•˜ê³  ë¹ ë¥´ê²Œ ì œí’ˆê³¼ ì»¨í…ì¸ ë¥¼ ì œìž‘í•˜ë©° ë°ì´í„°ë¡œ ê²€ì¦í•´ìš”.

[2] ìˆ˜í‰ì  í† ë¡ ì„ ì§€í–¥í•´ìš”.
- â€˜í”¼ë“œë°±ì˜ ë¶ˆíŽ¸í•¨ì„ ê°ìˆ˜í•˜ëŠ” ìš©ê¸°â€™ë¥¼ ì§€í–¥í•´ìš”. ì œëŒ€ë¡œ í”¼ë“œë°±ì„ í•˜ëŠ” ì‚¬ëžŒì´ì•¼ë§ë¡œ ì¼ì„ ì œëŒ€ë¡œ í•˜ëŠ” ì‚¬ëžŒì´ë¼ê³  ìƒê°í•´ìš”.

[3] ë„ì „ì„ í†µí•œ ì„±ìž¥ì„ ë¯¿ì–´ìš”.
- ë„ì „ì„ í†µí•´ ì„±ê³µê³¼ ì‹¤íŒ¨ë¥¼ ê²½í—˜í•˜ê³ , ëŠìž„ì—†ì´ ì„±ìž¥í•œë‹¤ê³  ë¯¿ì–´ìš”. ê±´ê°•í•œ í”¼ë“œë°±ì€ ë¬¼ë¡  ë„ì„œì§€ì›/ì™¸ë¶€ê°•ì—° ì§€ì› ë“± ì„±ìž¥ì— ê´€í•œ ì§€ì›ì„ ì•„ë¼ì§€ ì•Šì•„ìš”.

[4] Growth Mindset
- ìŠ¤ìŠ¤ë¡œ í•™ìŠµí•˜ì—¬ ì—…ë¬´ì— ì ìš©í•˜ê³ , êµ¬ì¡°í™” í•  ìˆ˜ ìžˆëŠ” ë¹ ë¥¸ ëŸ¬ë‹ì»¤ë¸Œë¥¼ ê°€ì§„ ì„±ìž¥í˜• ì‚¬ê³ ë°©ì‹ì„ ê°€ì§„ ì‚¬ëžŒì„ ì„ í˜¸í•´ìš”.

[5] ìŠ¤ìŠ¤ë¡œ ë™ê¸°ë¶€ì—¬ í•  ìˆ˜ ìžˆëŠ” ì‚¬ëžŒ
- ìƒì‚¬ì˜ ëˆˆì¹˜ë³´ë‹¤ ë³¸ì¸ì˜ ëˆˆì¹˜ë¥¼ ë³¼ ì¤„ ì•„ëŠ” í”„ë¡œíŽ˜ì…”ë„ì„ ì§€í–¥í•´ìš”.", ë¸Œëžœë“œ ì»¨ì…‰ ê°œë°œ ë° BI BX ì „ëžµ êµ¬ì¶• íŠ¸ë Œë“œ ë¶„ì„ ë° ë””ìžì¸ ì»¨ì…‰ ê¸°íš ì‹ ì œí’ˆ ë° ë¦¬ë‰´ì–¼ ì œí’ˆ  íŒ¨í‚¤ì§€,"[ì „í˜•ì ˆì°¨]
ì„œë¥˜ì ‘ìˆ˜ ï¼ž 1ì°¨ ë©´ì ‘ ï¼ž ìž…ì‚¬ì²˜ìš° ë…¼ì˜ ï¼ž ìµœì¢…í•©ê²©

[ì œì¶œì„œë¥˜]
â€¢ ì´ë ¥ì„œ : ì´ë ¥ì„œ ë‚´ì— ì§ì „ì—°ë´‰ê³¼ í¬ë§ì—°ë´‰ ê¸°ìž… ë°”ëžë‹ˆë‹¤.
â€¢ í¬íŠ¸í´ë¦¬ì˜¤","Boost Benefit
[1]ì‚¬ë¬´í™˜ê²½&ì—…ë¬´ì§€ì›
â€¢ ì—­ì‚¼ì—­ 10ë¶„ê±°ë¦¬ì˜ ì¶œê·¼ê¸¸
â€¢ ë‹¨ë…ê±´ë¬¼ (ì§€í•˜ 1ì¸µ - ì§€ìƒ 5ì¸µ) ì‚¬ìš©
â€¢ ì¹´íŽ˜í…Œë¦¬ì•„ ìš´ì˜- ê°„ì‹, ìŒë£Œ ë¬´ì œí•œ ì œê³µ
â€¢ íœ´ê²Œê³µê°„(ì•ˆë§ˆì˜ìž) ì œê³µ
â€¢ ìµœê³ ê¸‰ ì‚¬ì–‘ PC or ë…¸íŠ¸ë¶, ìµœì‹  ì—…ë¬´ ê³µìœ  Tool ì‚¬ìš©
â€¢ ì•¼ê·¼ì‹œ ì‹ì‚¬/íƒì‹œë¹„ ì§€ì›

[2]ì„±ìž¥ì§€ì›
â€¢ ì§ë¬´ ê´€ë ¨ ë„ì„œ/êµìœ¡ë¹„ ì§€ì›
â€¢ ìœ ë£Œ ì»¨í…ì¸  Subscription (í¼ë¸”ë¦¬, ì•„ì›ƒìŠ¤íƒ ë”© ë“±)

[3]ë‹¤ì–‘í•œ ì„ ë¬¼
â€¢ ìƒì¼ íœ´ê°€ ë° 10ë§Œì› ìƒí’ˆê¶Œ ì§€ê¸‰
â€¢ ì¶œì‚° ì¶•í•˜ ì„ ë¬¼ ì§€ê¸‰
â€¢ ê·¼ì†ê¸°ë… ì„ ë¬¼ ì œê³µ
â€¢ ìžì‚¬ì œí’ˆ êµ¬ìž…ë¹„ ì§€ì›",ì„œìš¸ ê°•ë‚¨êµ¬ ë…¼í˜„ë¡œ76ê¸¸ 25(ì—­ì‚¼ë™),Skillset ë¯¸ë””ì–´ì»¤ë¨¸ìŠ¤ ë˜ëŠ” ì˜¨ë¼ì¸ ì‡¼í•‘ëª° ì œí’ˆ ë° íŒ¨í‚¤ì§€ ê²½ë ¥ 5ë…„ ì´ìƒì˜ ê²½í—˜ì´ ìžˆìœ¼ì‹  ë¶„ ì œí’ˆ ë° VMD íŒ¨í‚¤ì§€ ì§€ê¸°êµ¬ì¡° ê²½í—˜ ë§Žìœ¼ì‹  ë¶„ í˜‘ë ¥ ë¶€ìžìž¬ ì—…ì²´ ê´€ë¦¬ ë° í•¸ë“¤ë§ ê²½í—˜ ë§Žìœ¼ì‹  ë¶„ Adobe í¬í† ìƒµ ì¼ëŸ¬ìŠ¤íŠ¸ ë“± ë””ìžì¸ Tool ì‚¬ìš©ì´ ëŠ¥ìˆ™í•˜ì‹  ë¶„Mindset ë‹¤ì–‘í•œ ë¶„ì•¼ì˜ ì´í•´ê´€ê³„ìžë“¤ê³¼ ì›í™œí•œ ì†Œí†µì´ ê°€ëŠ¥í•˜ì‹  ë¶„ ìŠ¤ìŠ¤ë¡œ ë¬¸ì œë¥¼ ì •ì˜í•˜ê³  ì†”ë£¨ì…˜ì„ ì°¾ìœ¼ë ¤ ë…¸ë ¥í•˜ì‹œëŠ” ë¶„ ë§ˆê°ê¸°í•œì„ ë§žì¶”ê³  ì¼ì • ë³€ë™ì— ì ê·¹ì ìœ¼ë¡œ ëŒ€ì‘ì´ ê°€ëŠ¥í•œ ë¶„ ë¯¸ë””ì–´ì»¤ë¨¸ìŠ¤ ì—…ê³„ ê²½í—˜ì´ ìžˆìœ¼ì‹  ë¶„ ì˜ì‚¬ì†Œí†µ ë° í˜‘ì—…ì— ëŠ¥ìˆ™í•˜ì‹  ë¶„,4638
(ì£¼)ì œì´ë””ë°”ì´ì˜¤,ì •ê·œì§ (ì •ê·œì§ ì „í™˜ ê°€ëŠ¥),['ë””ìžì¸'],"(ì£¼)JDBIOëŠ” 2012ë…„ë¶€í„° êµ­ë‚´ì™¸ ìœ í†µ,ë¬´ì—­ì˜ ê²½í—˜ì„ ë°”íƒ•ìœ¼ë¡œ,Global Medical Beauty Company ë¡œ ì„±ìž¥ í•˜ê³ ìžˆìŠµë‹ˆë‹¤.
ìœ í†µì‚¬ì—…ë¿ì•„ë‹ˆë¼, êµ­ë‚´ í”¼ë¶€ê³¼/ì„±í˜•ì™¸ê³¼(ì´ì§€ë™ì•ˆë„¤íŠ¸ì›Œí¬) ì˜ë£Œì§„ë“¤ê³¼ í˜‘ì—…í•˜ì—¬ , ìžì‚¬ë¸Œëžœë“œ ê°œë°œë° ìž„ìƒë˜í•œ íž˜ì“°ê³ ìžˆìŠµë‹ˆë‹¤.
(ì£¼)JDBIO Global Medical Beauty Leading Companyë¡œ ë„ì•½í•˜ê² ë‹¤ëŠ” ì—´ì •ê³¼ ë…¸ë ¥ì€ ì§€ê¸ˆë„ ê³„ì† ë˜ê³ ìžˆìŠµë‹ˆë‹¤.


Company History

(ì£¼)JDBIO
2023 ìƒë°˜ê¸° ë§¤ì¶œì•¡ 500ì–µ ë‹¬ì„±
2022 ë§¤ì¶œì•¡ 250ì–µ ë‹¬ì„±
-Glam Fill
-Richesse
-JADE
-OneTox

(ì£¼)DKë°”ì´ì˜¤
2022 ë§¤ì¶œì•¡ 180ì–µ ë‹¬ì„±
-DEMEI HA Filler
-DEMEI PLUS Filler
-DEMEI shine booster
-DEMEI pn solution
-DEMEI Cream

(ì£¼)ë¼í”¼ì—˜/ ì´ì§€ë™ì•ˆë„¤íŠ¸ì›Œí¬
2022 ë§¤ì¶œì•¡ 220ì–µ ë‹¬ì„±", ìžì‚¬brand snsí™ë³´ í™œë™ ìžì‚¬ëª°ì˜ UIUX ë””ìžì¸ í™ˆíŽ˜ì´ì§€ ê´€ë¦¬ë° ìœ ì§€ë³´ìˆ˜ í™ˆíŽ˜ì´ì§€ ì™¸ì£¼ ìžì‚¬ì œí’ˆ íŒ¨í‚¤ì§€ ë””ìžì¸ ì›¹ì‚¬ì´íŠ¸ ê´€ë¦¬ ì›¹ë””ìžì¸ì „ì‹œíšŒ ë¶€ìŠ¤ë””ìžì¸ì œí’ˆíŒ¨í‚¤ì§€ë””ìžì¸ë“± ê°ì¢… ë””ìžì¸ ì‹œê°ë””ìžì¸ ì œí’ˆë””ìžì¸,"ì„œë¥˜ì „í˜•

1ì°¨ë©´ì ‘

2ì°¨ë©´ì ‘

ìµœì¢…í•©ê²©","* ì§€ì›ê¸ˆ/ë³´í—˜
ê±´ê°•ê²€ì§„

* ê¸‰ì—¬ì œë„
í‡´ì§ì—°ê¸ˆ, ìƒì—¬ê¸ˆ, ìž¥ê¸°ê·¼ì†ìž í¬ìƒ, ìš°ìˆ˜ì‚¬ì›í¬ìƒ, í‡´ì§ê¸ˆ, ì„±ê³¼ê¸‰, íœ´ì¼(íŠ¹ê·¼)ìˆ˜ë‹¹, ì—°ì°¨ìˆ˜ë‹¹, ì§ì±…ìˆ˜ë‹¹, ìž¥ê¸°ê·¼ì†ìˆ˜ë‹¹

* ìž¥ê¸°ê·¼ì† ì„ ë¬¼

* êµìœ¡/ìƒí™œ
ìš°ìˆ˜ì‚¬ì›ì‹œìƒì‹, ì›Œí¬ìƒµ, ì§ë¬´ëŠ¥ë ¥í–¥ìƒêµìœ¡

* ê·¼ë¬´ í™˜ê²½
íœ´ê²Œì‹¤, íšŒì˜ì‹¤, ê³µê¸°ì²­ì •ê¸°

* ì¶œí‡´ê·¼
ì£¼ì°¨ë¹„ ì§€ì›, íšŒì‚¬ ì°¨ëŸ‰ ìžˆìŒ, ì£¼ 52ì‹œê°„ì œ ì¤€ìˆ˜

* ë¦¬í”„ë ˆì‹œ
ì—°ì°¨, ì—¬ë¦„íœ´ê°€, ê²½ì¡°íœ´ê°€ì œ, ë°˜ì°¨, Refreshíœ´ê°€, ê·¼ë¡œìžì˜ ë‚  íœ´ë¬´, í¬ìƒíœ´ê°€
",ê²½ê¸°ë„ ì„±ë‚¨ì‹œ ë¶„ë‹¹êµ¬ íŒêµì—­ë¡œ 231 ì—ì´ì¹˜ìŠ¤í€˜ì–´ 8ì¸µ 803í˜¸ ì œì´ë””ë°”ì´ì˜¤, ì›¹ë””ìžì¸ ë° UIUX ë””ìžì¸ ë¶„ì•¼ì—ì„œ 3ë…„ ì´ìƒì˜ ê²½ë ¥ ë³´ìœ  ì›¹ë””ìžì¸ ê´€ë ¨ ë„êµ¬ ë° ì–¸ì–´ì— ëŠ¥ìˆ™í•œ ì§€ì‹ Photoshop Illustrator HTML CSS ë“± ì›¹ í‘œì¤€ ë° ì›¹ì ‘ê·¼ì„± ê´€ë ¨ ì§€ì¹¨ì— ëŒ€í•œ ì´í•´ ì‚¬ìš©ìž ì¸í„°íŽ˜ì´ìŠ¤ ë””ìžì¸ì— ëŒ€í•œ ê¹Šì€ ì´í•´ì™€ ê²½í—˜ ë””ìžì¸ì— ëŒ€í•œ ì—´ì •ê³¼ ì°½ì˜ë ¥ì„ ê°–ì¶”ê³  ìžˆëŠ” ìž ìžì‚¬ í™ˆíŽ˜ì´ì§€ ìœ ì§€ë³´ìˆ˜ ê´€ë¦¬ ê²½í—˜ RWDResponsive Web Designì— ëŒ€í•œ ì´í•´ javascript ë˜ëŠ” jQueryì— ëŒ€í•œ ì´í•´ ìžˆìœ¼ë©´ ìš°ëŒ€ íƒ€ ëª¨ë°”ì¼ í”Œëž«í¼ì— ëŒ€í•œ UIUX ë””ìžì¸ ê²½í—˜ ë””ìžì¸ ê´€ë ¨ ìžê²©ì¦ ì†Œì§€ìž ì œí’ˆë””ìžì¸íŒ¨í‚¤ì§€ ë””ìžì¸ ê´€ë ¨ ê²½í—˜ìž ìš°ëŒ€,4641
(ì£¼)ì œë‹ˆì—˜,ì •ê·œì§,"['ì¸ì‚¬ê´€ë¦¬', 'ì±„ìš©ê´€ë¦¬', 'í–‰ì •ì—…ë¬´', 'ìš´ì˜ê¸°íš', 'ëŒ€ê´€ì—…ë¬´', 'payroll', '4ëŒ€ë³´í—˜ê´€ë¦¬']",,ì¸ì ë°ì´í„° ì¶”ì¶œ ë° ê´€ë¦¬ì‚¬ë‚´ì œë„ ìš´ì˜ ê¸°íšì±„ìš© ë° ì¸ì‚¬ê´€ë¦¬4ëŒ€ë³´í—˜ ë° Payroll ì—…ë¬´ëŒ€ ê´€ê³µì„œ ê¸°íƒ€ í–‰ì •ì—…ë¬´ ë“±,"ì„œë¥˜ì „í˜•-1ì°¨ ì‹¤ë¬´ìžë©´ì ‘-2ì°¨ ìž„ì›ë©´ì ‘-ìµœì¢…í•©ê²©

ã†ìž…ì‚¬ì§€ì› ì„œë¥˜ì— í—ˆìœ„ì‚¬ì‹¤ì´ ë°œê²¬ë  ê²½ìš°, ì±„ìš©í™•ì • ì´í›„ë¼ë„ ì±„ìš©ì´ ì·¨ì†Œë  ìˆ˜ ìžˆìŠµë‹ˆë‹¤.
ã†êµ­ê°€ë“±ë¡ìž¥ì• ì¸ ë° êµ­ê°€ë³´í›ˆ ëŒ€ìƒìžëŠ” ê´€ë ¨ ë²•ë ¹ ë° ë‚´ë¶€ ê·œì •ì— ì˜í•˜ì—¬ ìš°ëŒ€í•©ë‹ˆë‹¤.
   (ìž¥ì• ì¸ë“±ë¡ì¦, ì·¨ì—…ì§€ì›ëŒ€ìƒìž ë“± ê´€ë ¨ ì„œë¥˜ ì œì¶œ í•„ìˆ˜)

ã†ì±„ìš©ê³¼ì •ì—ì„œ ì¼ë¶€ ì„œë¥˜ë¥¼ ì§ì ‘ ì œì¶œí•˜ëŠ” ê²½ìš° ë‹¤ìŒê³¼ ê°™ì´ í•´ë‹¹ ì„œë¥˜ë¥¼ ë°˜í™˜í•´ë“œë¦¬ê³  ìžˆìœ¼ë‹ˆ ì°¸ê³ ë°”ëžë‹ˆë‹¤.
ã†ë°˜í™˜ì„œë¥˜ : ì±„ìš©ê³¼ì •ì—ì„œ ì§ì ‘ ì œì¶œí•˜ì‹  ê°ì¢… ì„œë¥˜ ë° ìžë£Œ ì¼ì²´(ë‹¨, ì „ìžìš°íŽ¸ ì œì¶œì„œë¥˜ëŠ” ì œì™¸)
ã†ë°˜í™˜ê°€ëŠ¥ê¸°ê°„ : ìµœì¢…í•©ê²©ìž ë°œí‘œ ì´í›„ 180ì¼ ì´ë‚´(ë³´ê´€ê¸°ê°„ 180ì¼ì´ ì´ˆê³¼ëœ ì±„ìš© ê´€ë ¨ ì„œë¥˜ëŠ” ëª¨ë‘ íŒŒê¸°)
ã†ë°˜í™˜ì‹ ì²­ë°©ë²• : í•´ë‹¹ ì±„ìš©ê³µê³  ë‹´ë‹¹ìž(ì¸ì‚¬íŒ€ 02-580-0141)ì—ê²Œ ì‹ ì²­ ë¬¸ì˜

","ì§€ì›ê¸ˆ/ë³´í—˜ ê±´ê°•ê²€ì§„, ì§ì›ëŒ€ì¶œì œë„, ê°ì¢… ê²½ì¡°ì‚¬ ì§€ì›, ì—…ë¬´í™œë™ë¹„ ì§€ê¸‰, ì„ íƒì ë³µë¦¬í›„ìƒ, ìžë…€í•™ìžê¸ˆ
ê¸‰ì—¬ì œë„ í‡´ì§ì—°ê¸ˆ, ìƒì—¬ê¸ˆ, ìž¥ê¸°ê·¼ì†ìž í¬ìƒ, ìš°ìˆ˜ì‚¬ì›í¬ìƒ, í‡´ì§ê¸ˆ, ì•¼ê·¼ìˆ˜ë‹¹, ì—°ì°¨ìˆ˜ë‹¹, ì§ì±…ìˆ˜ë‹¹, ìž¥ê¸°ê·¼ì†ìˆ˜ë‹¹, ê°€ì¡±ìˆ˜ë‹¹, 4ëŒ€ ë³´í—˜ 
ì„ ë¬¼ ëª…ì ˆì„ ë¬¼/ê·€í–¥ë¹„, ìƒì¼ì„ ë¬¼/íŒŒí‹°
êµìœ¡/ìƒí™œ ì›Œí¬ìƒµ, ì‹ ìž…ì‚¬ì›êµìœ¡(OJT), ì§ë¬´ëŠ¥ë ¥í–¥ìƒêµìœ¡, ë¦¬ë”ì‰½ê°•í™”êµìœ¡, í•´ì™¸ì—°ìˆ˜ì§€ì›, ë©˜í† ë§ì œë„, ì ì‹¬ì‹ì‚¬ ì œê³µ, ì €ë…ì‹ì‚¬ ì œê³µ, ì‚¬ë‚´ë™í˜¸íšŒ ìš´ì˜, ì‚¬ìš°íšŒ(ê²½ì¡°ì‚¬íšŒ), ì‹ë¹„ ì§€ì›, ìŒë£Œì œê³µ(ì°¨, ì»¤í”¼)
ê·¼ë¬´ í™˜ê²½ íšŒì˜ì‹¤, ê³µê¸°ì²­ì •ê¸°, ì¹´íŽ˜í…Œë¦¬ì•„, ë…¸íŠ¸ë¶, ì½˜ë„/ë¦¬ì¡°íŠ¸ ì´ìš©ê¶Œ, ì‚¬ë¬´ìš©í’ˆ ì§€ê¸‰
ì¡°ì§ë¬¸í™” ë…¸ì¡°/ë…¸ì‚¬í˜‘ì˜íšŒ, íšŒì‹ê°•ìš” ì•ˆí•¨, ì•¼ê·¼ê°•ìš” ì•ˆí•¨
ë¦¬í”„ë ˆì‹œ ì—°ì°¨, ê²½ì¡°íœ´ê°€ì œ, ë°˜ì°¨, ê·¼ë¡œìžì˜ ë‚  íœ´ë¬´, ì‚°ì „ í›„ íœ´ê°€, ìœ¡ì•„íœ´ì§, ë‚¨ì„±ì¶œì‚°íœ´ê°€, ë³´ê±´íœ´ê°€, íœ´ì–‘ì‹œì„¤ ì œê³µ
",ì„œìš¸ ì„œì´ˆêµ¬ íš¨ë ¹ë¡œ 402 ì œë‹ˆì—˜ë¹Œë”©,ê´€ë ¨ ê²½ë ¥ 2ë…„ ì´ìƒ MS OFFICE  í™œìš©ëŠ¥ë ¥ ìš°ìˆ˜ìžì¤‘ê²¬ê¸°ì—… ì´ìƒ ê¸°ì—…ì²´ ì‹¤ë¬´ ê²½í—˜ 2ë…„ ì´ìƒë°ê³  ê¸ì •ì ì¸ ë§ˆì¸ë“œ ì†Œìœ ìž,4653
(ì£¼)ë¹„ì¼€ì´ë¸Œ,ì •ê·œì§,"['ì¸ìž¬ê°œë°œ', 'êµìœ¡', 'ì¡°ì§ë¬¸í™”', 'hrd', 'ì»¤ë®¤ë‹ˆì¼€ì´ì…˜', 'ì±„ìš©ê´€ë¦¬', 'ì±„ìš©ê¸°íš', 'ì‚¬ë‚´êµìœ¡', 'í–‰ì‚¬ê¸°íš', 'ì¸ìž¬ì±„ìš©']","[íšŒì‚¬ì†Œê°œ]

ì–´ì œë³´ë‹¤ ì˜¤ëŠ˜ ë” ì„±ìž¥í•˜ëŠ” ë¹„ì¼€ì´ë¸Œ ì™€ í•¨ê»˜í•´ìš”.
ë¹„ì¼€ì´ë¸ŒëŠ” ë²•ì¸ 9ë…„ì°¨ ì˜ë¥˜ ì „ë¬¸ íšŒì‚¬ìž…ë‹ˆë‹¤.

19ë…„ë„ ì´ë§¤ì¶œì•¡ 590ì–µ, 20ë…„ë„ ì´ë§¤ì¶œì•¡ 800ì–µ, 21ë…„ë„ 1600ì–µ, 22ë…„ 2000ì–µ ëŒíŒŒë¡œ ë§¤ë…„ ë†’ì€ ì„±ìž¥ì„ í•˜ê³  ìžˆìœ¼ë©°,
ì´ 9ê°œì˜ ë¸Œëžœë“œ(ì»¤ë²„ë‚«, ì™€ë¦¿ì´ì¦Œ, Lee, Wrangler, ì´ë²³í•„ë“œ, íŒ”ë ›, í† ë‹ˆí˜¸í¬, ìŠ¤í‹°ë¸ì•Œëž€,ë„¤ì´ë¨¸í´ë¡œë”©)ë¥¼ ìš´ì˜í•˜ê³  ìžˆìŠµë‹ˆë‹¤.

ì´ì²˜ëŸ¼ ì§§ì€ ì‹œê°„ í­ë°œì ì¸ ì„±ìž¥ì„ í•œ ë¹„ì¼€ì´ë¸ŒëŠ” êµ­ë‚´ë¥¼ ë„˜ì–´
ê¸€ë¡œë²Œ ìºì£¼ì–¼ íšŒì‚¬ë¡œ ê±°ë“­ë‚˜ê³ ìž,

ì–‘ì§ˆì˜ ì»¨í…ì¸ (ë¸Œëžœë“œ)ë¥¼ ì˜´ë‹ˆì±„ë„ì˜ í™˜ê²½ì—ì„œ ë‹¤ìˆ˜ì˜ ê³ ê°(ë‚´ë¶€/ê¸€ë¡œë²Œ)ì—ê²Œ
ìž…ëŠ” ì¦ê±°ì›€ì´ë¼ëŠ” ê°€ì¹˜ë¥¼ ì „ë‹¬í•˜ê³ ìž í•©ë‹ˆë‹¤.

ë¹„ì¼€ì´ë¸Œì˜ ëŠìž„ì—†ëŠ” ë„ì „ê³¼ ë¹„ì „ì„ ê³µìœ í•  ì¸ìž¬ë¥¼ ì´ˆëŒ€í•©ë‹ˆë‹¤.
ëŠ¦ê¸° ì „ì— í•©ë¥˜í•´ì£¼ì„¸ìš”:) 
__________________________________________________

[ì¡°ì§ë¬¸í™”]

ë¹„ì¼€ì´ë¸ŒëŠ” ë§¤ìš° ì Šì€ íšŒì‚¬ìž…ë‹ˆë‹¤.

ì—­ë™ì ì´ê³  ì—ë„ˆì œí‹±í•œ ì˜ë¯¸ë¥¼ í¬í•¨í•˜ì—¬ ì‹¤ì œë¡œ ìž„ì§ì›ì˜ í‰ê·  ì—°ë ¹ì´ 20~30ëŒ€ë¡œ ì ŠìŠµë‹ˆë‹¤.

ì¡°ì§ì˜ ìˆ˜ì§í™”, ê²½ì§í™”ë¥¼ ê²½ê³„í•˜ë©° ì§ê¸‰ êµ¬ë¶„ ì—†ì´ ì˜ê²¬ì„ ìžìœ ë¡­ê²Œ ê°œì§„í•˜ëŠ” ì¡°ì§ë¬¸í™”ë¥¼ ì§€í–¥í•˜ê³  ë„ìž…í™” í•˜ì—¬ ì§„í–‰ ì¤‘ìž…ë‹ˆë‹¤.",ìž…ì‚¬í•˜ì‹œë©´ ê²½í—˜í•˜ì‹¤ ì—…ë¬´ ìž…ë‹ˆë‹¤1 ì‚¬ì—…ì „ëžµ ë°©í–¥ê³¼ ì—°ê³„í•œ í¬ì§€ì…˜ë³„ ì¸ìž¬ì˜ìž… ì „ëžµ ìˆ˜ë¦½ ë° ìš´ì˜2 íšŒì‚¬ì™€ ì§ë¬´ìš”ê±´ì— ì í•©í•œ ìš°ìˆ˜ì¸ìž¬ ë°œêµ´ ë° ê´€ë¦¬3 ì±„ìš© ì „ í”„ë¡œì„¸ìŠ¤ ìš´ì˜ ë° ê³ ë„í™”4 ìž…í‡´ì‚¬ìž ì˜¨ë³´ë”©ì˜¤í”„ë³´ë”© í”„ë¡œê·¸ëž¨ ê¸°íšì‹¤í–‰5 ìœ¡ì„±ì²´ê³„ ë° ì¸ìž¬ê°œë°œ ì „ëžµ ìˆ˜ë¦½ ë° ìš´ì˜6 ì¡°ì§ë¬¸í™” êµ¬ì¶•ê³¼ ì±„ìš© ë¸Œëžœë”© ê°•í™”ë¥¼ ìœ„í•œ ì™¸ë¶€ë‚´ë¶€ í”„ë¡œê·¸ëž¨ ê¸°íš ë° ìš´ì˜7 ì‚¬ë‚´ ìº íŽ˜ì¸ê³¼ í–‰ì‚¬ ê¸°íšì‹¤í–‰ ë“± ,,"â€¢ [WORK LIFE] ê·¼ë¬´í™˜ê²½&íœ´ê²Œí™˜ê²½ ì§€ì†ì ì¸ ê°œì„ / ì¡°ì‹ ë° í”„ë¦¬ë“œë§í¬ ì§€ì›/
                   ìžìœ ë¡­ê³  ê°œì„±ì ì¸ ê·¼ë¬´ë³µìž¥ ì¡´ì¤‘

â€¢ [PRESENT&EVENT] ìžê¸°ê°œë°œë¹„(BECAVE Refresh with Family)/ìž¥ê¸°ê·¼ì† í¬ìƒì œë„/
                           ìžì‚¬ìƒí’ˆ í• ì¸êµ¬ë§¤/ ëª…ì ˆì„ ë¬¼/ ë²•ì¸ ì½˜ë„(ì œì£¼ë„ ë¦¬ì¡°íŠ¸)ìš´ì˜/
                           ê²½ì¡°ì‚¬ ì§€ì›, ì›°ì»´í‚¤íŠ¸/ë³µì§€í¬ì¸íŠ¸

â€¢ [CULTURE] ì¡°ê¸°í‡´ê·¼ì˜ ë‚ / ìƒŒë“œìœ„ì¹˜ ë°ì´/íšŒì‹/ ì‚¬ë‚´ë™í˜¸íšŒ/ë¦¬ë”ì‹­êµìœ¡/
                 ë²•ì •ì˜ë¬´êµìœ¡/íšŒì‚¬ìƒí™œ êµìœ¡","ì„œìš¸ ë§ˆí¬êµ¬ ìž”ë‹¤ë¦¬ë¡œ 24, 5ì¸µ",í•´ë‹¹ë˜ì‹ ë‹¤ë©´ ì§€ì›í•´ì£¼ì„¸ìš”1 í•™ë ¥ ëŒ€ì¡¸ ì´ìƒ2 ê²½ë ¥ 5ë…„ ì´ìƒ10ë…„ ì´í•˜3 ì±„ìš© OD HRD ê´€ë ¨ ì—…ë¬´ë¥¼ ì£¼ë„ì ìœ¼ë¡œ ìˆ˜í–‰í•˜ë©° ë‹¤ì–‘í•œ í”„ë¡œì íŠ¸ë¥¼ ìˆ˜í–‰ í•˜ì‹  ë¶„4 ì „ì‚¬ ìœ¡ì„±ì²´ê³„ ë° êµìœ¡í”„ë¡œê·¸ëž¨ ê¸°íš ë° ìš´ì˜ ê²½í—˜ì„ ë³´ìœ í•œ ë¶„ 5 ì¡°ì§ë¬¸í™”ì— ëŒ€í•œ A to Zë¥¼ ì£¼ë„ì ìœ¼ë¡œ ê¸°íšì‹¤í–‰í•œ ê²½í—˜ì´ ìžˆìœ¼ì‹  ë¶„6 HR ë‚´ ë‹¤ë¥¸ ì—­í• ì„±ê³¼ê´€ë¦¬ ë³´ìƒ ì±„ìš© ë“±ì˜ íŒ€ì›ë“¤ê³¼ íš¨ê³¼ì ì¸ í˜‘ì—…ì„ ê²½í—˜í•˜ì‹  ë¶„7 MS Office ë“± Business Tool í™œìš©ì´ ëŠ¥ìˆ™í•˜ì‹  ë¶„ í•´ë‹¹ë˜ì‹ ë‹¤ë©´ ë”ìš± ì¢‹ì•„ìš”  1 300ì¸ ì´ìƒ ì‚¬ì—…ìž¥ì—ì„œ ì¸ì‚¬ì—…ë¬´ ê²½í—˜ì´ ìžˆìœ¼ì‹  ë¶„2 ë‹¤ì–‘í•œ ì‚°ì—…ì§ë¬´ ë“±ì— ëŒ€í•œ ì´í•´ë„ê°€ ë†’ê³  ê´€ë ¨ ë„¤íŠ¸ì›Œí¬ë¥¼ ë³´ìœ í•œ ë¶„3 ì¸ì‚¬ íŠ¸ë Œë“œ ë° ì¡°ì§ë¬¸í™”ì— ëŒ€í•œ ë§Žì€ ê´€ì‹¬ìœ¼ë¡œ ìŠ¤ìŠ¤ë¡œ í•™ìŠµí•˜ê³  ëª°ìž…í•  ìˆ˜ ìžˆëŠ” ë¶„4 ë™ì¢…ì—…ê³„ ê²½ë ¥ì„ ë³´ìœ í•˜ì‹  ë¶„,4661
(ì£¼)ë² ì–´ë¡œë³´í‹±ìŠ¤ì½”ë¦¬ì•„,ì •ê·œì§,"['ì´ë¬´', 'ì‚¬ë¬´', 'ì¸ì‚¬ê¸°íš', 'ì¡°ì§ë¬¸í™”']","'ë¡œë´‡ì´ ë§Œë“¤ ìƒˆë¡œìš´ ì„¸ìƒì„ ì´ëŒì–´ê°ˆ ë² ì–´ë¡œë³´í‹±ìŠ¤ì—ì„œ ê° ë¶„ì•¼ ìµœê³  ìˆ˜ì¤€ì˜ í›Œë¥­í•œ ë©¤ë²„ë“¤ê³¼ í•¨ê»˜ ìƒˆë¡œìš´ ì—­ì‚¬ë¥¼ ë§Œë“¤ì–´ ê°ˆ ë™ë£Œë¥¼ ê¸°ë‹¤ë¦½ë‹ˆë‹¤.'

""Smart Hospitality""ë¥¼ ëª©í‘œë¡œ ë¡œë´‡ì´ ë§Œë“¤ ìƒˆë¡œìš´ ì„¸ìƒì„ ì´ëŒì–´ê°ˆ ë² ì–´ë¡œë³´í‹±ìŠ¤ì—ì„œ ê° ë¶„ì•¼ ìµœê³  ìˆ˜ì¤€ì˜ í›Œë¥­í•œ ë©¤ë²„ë“¤ê³¼ í•¨ê»˜ ìƒˆë¡œìš´ ì—­ì‚¬ë¥¼ ë§Œë“¤ì–´ ê°ˆ ë™ë£Œë¥¼ ê¸°ë‹¤ë¦½ë‹ˆë‹¤.


ë°˜ë³µì ì´ê³  ì–´ë ¤ìš´ ì—…ë¬´ëŠ” ë¡œë´‡ì´ ëŒ€ì‹ í•˜ê³ , ì‚¬ëžŒì€ ì™¸ì‹ì—…ì˜ ë³¸ì§ˆì¸ ìŒì‹ì˜ ë§›ê³¼ ë” ë‚˜ì€ ì ‘ê° ì„œë¹„ìŠ¤ë¥¼ ì œê³µí•˜ëŠ” ê²ƒì„ ê°€ì¹˜ë¡œ ì‚¼ìœ¼ë©°, í˜„ìž¬ ë¯¸êµ­ Redwood Cityì˜ 150+ëª…ì˜ ì§ì›ë“¤ê³¼ í•œêµ­ ì„œìš¸ìˆ²ì˜ 100+ëª…ì˜ ì§ì›ë“¤ì´ ê¸´ë°€ížˆ í˜‘ì—…í•˜ê³  ìžˆìŠµë‹ˆë‹¤.


ì§€ê¸ˆê¹Œì§€ì˜ ì„±ìž¥ ë…¸í•˜ìš°ì™€ ë›°ì–´ë‚œ ê¸°ìˆ ë ¥ì„ ë°”íƒ•ìœ¼ë¡œ â€˜ì„œë¹™â€™ ì´ í•„ìš”í•œ ë‹¤ì–‘í•œ ì‚¬ì—…ì— ì§„ì¶œí•  ì˜ˆì •ì´ë©°, ì•ˆì •ì ì¸ ìž¬ì • ê¸°ë°˜ ì•„ëž˜, â€œìžìœ¨ì£¼í–‰ ì„œë¹™ ë¡œë´‡â€ì˜ ì„±ìž¥ì— ë°•ì°¨ë¥¼ ê°€í•´ì£¼ì‹¤ ë¶„ì„ ì°¾ê³  ìžˆìŠµë‹ˆë‹¤.

ì‹¤ë¦¬ì½˜ë°¸ë¦¬ì˜ ë¬¸í™”ë¥¼ ê²½í—˜í•˜ë©°, í•¨ê»˜ ì„±ìž¥í•˜ê³ , ë¯¸ëž˜ì˜ ë¡œë´‡ì„ ë§Œë“¤ì–´ê°ˆ ë™ë£Œë¥¼ ê¸°ë‹¤ë¦½ë‹ˆë‹¤.

Apply to join the Bear Team!

âœ¨ â€œêµ¬ê¸€ì„ ë°•ì°¨ê³  ë‚˜ì™€ ìˆœë‘ë¶€ì‹ë‹¹ì„ ìš´ì˜í•˜ë©´ì„œ ì‹¤ë¦¬ì½˜ë°¸ë¦¬ ìƒì¡´ë²•ì„ ë°°ì› ì£ .â€

âœ¨ â€˜ë² ì–´ë¡œë³´í‹±ìŠ¤â€™, 1ì²œì–µ ê·œëª¨ ì‹œë¦¬ì¦ˆB íˆ¬ìžìœ ì¹˜

âœ¨ ë¡œë´‡ ìŠ¤íƒ€íŠ¸ì—… ì§ì›ë“¤ì´ ë§í•˜ëŠ” íšŒì‚¬ì˜ ëª¨ë“  ê²ƒ(with í•œêµ­ ê³° from â€˜ë² ì–´â€™ë¡œë³´í‹±ìŠ¤)",ì‚¬ë¬´ìš©í’ˆ ë° ë¹„í’ˆ ê´€ë¦¬ë¶€ë™ì‚° ë§¤ìž… ë“± ìžì‚°ì˜ ì·¨ë“ ë° ê´€ë¦¬ì‹œì„¤ê´€ë¦¬ ê³„ì•½ê´€ë¦¬ ë“±ì‚¬ë¬´í™˜ê²½ ê´€ë¦¬ ë° ìœ ì§€ë³µë¦¬í›„ìƒ í”„ë¡œê·¸ëž¨ ê¸°íš ë° ìš´ì˜,,,ì„œìš¸ ì„±ë™êµ¬ ëšì„¬ë¡œ 1ê¸¸ 10,ì¸ì‚¬ ì´ë¬´ ìœ ê²½ë ¥ìžì£¼ë„ì ìœ¼ë¡œ ì¼ì„ í•´ê²°í•  ìˆ˜ ìžˆëŠ” ë¶„ë°ì€ ì„±ê²©ì— ê¸ì •ì ì¸ ì‚¬ê³ ë¥¼ í•˜ëŠ” ë¶„ëŒ€í™”ë¥¼ ì¦ê¸°ê³  ì»¤ë®¤ë‹ˆì¼€ì´ì…˜ì„ ìž˜í•˜ëŠ” ë¶„ì—…ë¬´ìƒ ì˜ì–´ ê°€ëŠ¥ë¶€ë™ì‚° ê´€ë ¨ ì‚¬ë¬´ì‹¤ ìž„ëŒ€ ì‹ ê·œ ì‚¬ë¬´ì‹¤ ì„œì¹­ ë“± ì—…ë¬´ ìœ ê²½í—˜ìž,4694
(ì£¼)ì—…ìŠ¤í…Œì´ì§€,ì •ê·œì§,"['java', 'python', 'aws', 'nosql', 'typescript']","ì—…ìŠ¤í…Œì´ì§€ëŠ” AI ê¸°ìˆ ë¡œ í•´ê²°í•  ìˆ˜ ìžˆëŠ” ë¹„ì¦ˆë‹ˆìŠ¤ ë¬¸ì œë“¤ì„ í’€ì–´ê°‘ë‹ˆë‹¤. Making AI Beneficial ì´ë¼ëŠ” ë¯¸ì…˜ ì•„ëž˜, ëˆ„êµ¬ë‚˜ AI ê¸°ìˆ ì˜ í˜œíƒì„ ëˆ„ë¦´ ìˆ˜ ìžˆë„ë¡ 'ì ìš©ì´ ì‰¬ìš´ AI ì†”ë£¨ì…˜'ì„ ë§Œë“¤ê³  ìžˆìŠµë‹ˆë‹¤. ì„¸ê³„ ìµœê³  ìˆ˜ì¤€ì˜ AI ëª¨ë¸ê³¼ ê·¸ ëª¨ë¸ì„ ì§€ì†ì ìœ¼ë¡œ ê´€ë¦¬, ê°œì„ , ìš´ì˜í•˜ê¸° ìœ„í•œ ë°ì´í„°, í•™ìŠµ, ì„œë¹™ê³¼ ê´€ë ¨ëœ ëª¨ë“  í•„ìˆ˜ ì†Œí”„íŠ¸ì›¨ì–´ë¥¼ í•˜ë‚˜ë¡œ ë¬¶ì€ â€œAI Packâ€ ê·¸ë¦¬ê³  OCR ë° ê°œì¸í™” ê¸°ìˆ ì„ ë‹¤ì–‘í•œ ë¶„ì•¼ì—ì„œ ì†ì‰½ê²Œ í™œìš©í•  ìˆ˜ ìžˆëŠ” API ì‹œë¦¬ì¦ˆë¥¼ ì¶œì‹œí•˜ì—¬ ê¸°ì—… ê³ ê°ë“¤ì˜ ë¹„ì¦ˆë‹ˆìŠ¤ ì„±ê³µì— ê¸°ì—¬í•˜ê³  ìžˆìŠµë‹ˆë‹¤.

ë˜í•œ ChatGPTë¥¼ ì ìš©í•œ ì¹´ì¹´ì˜¤í†¡ ì±„ë„ ê¸°ë°˜ ì±—ë´‡ 'ì• ìŠ¤í¬ì—…'(AskUp)ì„ í†µí•´ ëª¨ë°”ì¼ ì‚¬ìš© ê²½í—˜ì˜ í˜ì‹ ì„ ì´ë£¨ëŠ” ë™ì‹œì— AIë¶„ì•¼ì— ëŒ€í•œ ëŒ€ì¤‘ë“¤ì˜ ì ‘ê·¼ì„±ê³¼ ì‹ ë¢°ì„±ì„ ë†’ì—¬ê°€ê³  ìžˆìœ¼ë©°, Chat AI ê¸°ìˆ ì„ ë¹„ì¦ˆë‹ˆìŠ¤ í™˜ê²½ì— ë§žê²Œ ìµœì í™”í•´ ê¸°ì—…ë“¤ì˜ ì—…ë¬´ íš¨ìœ¨ê³¼ ìƒì‚°ì„±ì„ ë†’ì¼ ìˆ˜ ìžˆëŠ” â€˜ì• ìŠ¤í¬ì—… ë¹„ì¦ˆâ€™(AskUp Biz)ë¥¼ ìš´ì˜í•˜ëŠ” ë“± AIê°€ ì„¸ìƒì— ì´ë¡­ê²Œ ì“°ì´ê²Œ í•˜ê¸° ìœ„í•´ ë…¸ë ¥í•˜ê³  ìžˆìŠµë‹ˆë‹¤.

íŠ¹ížˆ SaaS Platform íŒ€ì€ ì´ëŸ° AI Pack ì„ ëˆ„êµ¬ë‚˜ ì‰½ê²Œ ì ‘í•  ìˆ˜ ìžˆë„ë¡ SaaS í™” í•˜ëŠ” ì „ ê³¼ì •ì˜ íš¨ìœ¨ì„ ì¶”êµ¬í•©ë‹ˆë‹¤. Pack ê°œë°œíŒ€ë“¤ì´ beneficial í•œ AI Pack ê¸°ëŠ¥ ê°œë°œì—ë§Œ ëª°ë‘í•˜ê³  ì§‘ì¤‘í•  ìˆ˜ ìžˆë„ë¡ ëŒ€ê·œëª¨ íŠ¸ëž˜í”½ì„ ì²˜ë¦¬í•˜ëŠ” scalable í•œ pack & API management, billing, SDK, web console ë“± SaaS ê´€ë ¨ ê¸°ëŠ¥ë“¤ì„ ê°œë°œí•˜ê³  Pack íŒ€ì˜ SaaS í™”ë¥¼ ê°€ì´ë“œ í•©ë‹ˆë‹¤.

SaaS Platform íŒ€ì€ ë¹ ë¥´ê³  ìž‘ê²Œ ì‹œìž‘í•˜ë˜ ì§€ì†ì ì¸ í™•ìž¥ê³¼ ê°œì„ ì„ ì¶”êµ¬í•©ë‹ˆë‹¤. ì‹¤íŒ¨ì—ì„œë„ ë°°ìš°ê³  ì•žìœ¼ë¡œ ë‚˜ì•„ê°ˆ ìˆ˜ ìžˆëŠ” ë¬¸í™”ë¥¼ í•¨ê»˜ ë§Œë“¤ì–´ ê°‘ë‹ˆë‹¤. ë˜í•œ, ì§€ì† ê°€ëŠ¥í•˜ê³  scalable í•œ í”„ë¡œì„¸ìŠ¤ì™€ ì‹œìŠ¤í…œì„ ê°œë°œí•˜ì—¬ ì™„ë²½í•œ DevOps ê°€ ê°€ëŠ¥í•˜ë„ë¡ í•©ë‹ˆë‹¤.", Upstageì˜ í•µì‹¬ AI ì œí’ˆë“¤ì„ ìœ„í•œ SaaS Platform ë°±ì—”ë“œ ë˜ëŠ” í”„ë¡ íŠ¸ì—”ë“œ ê°œë°œ Multitenancy ë¥¼ ìœ„í•œ ì œí’ˆ ì„¤ê³„ ë° ê°œì„ ,"ì„œë¥˜ ì „í˜•
ì˜¨ë¼ì¸ ì•Œê³ ë¦¬ì¦˜ ì½”ë”©í…ŒìŠ¤íŠ¸
ê¸°ìˆ  ì¸í„°ë·° 1ì°¨/2ì°¨
ì»¬ì³ ì¸í„°ë·° 
ìµœì¢… ì¸í„°ë·°
ìµœì¢… ê²°ê³¼ ë°œí‘œ

*ì ˆì°¨ëŠ” ìƒí™©ì— ë”°ë¼ ì¡°ì •ë  ìˆ˜ ìžˆìŠµë‹ˆë‹¤.
*ìµœì¢… ì¸í„°ë·° í›„, ë ˆí¼ëŸ°ìŠ¤ ì²´í¬ ì ˆì°¨ê°€ ì§„í–‰ë  ìˆ˜ ìžˆìŠµë‹ˆë‹¤.","- Anywhere On Earth But Together! â€˜ì–´ë””ì„œë“ â€™ í•¨ê»˜ ì¼í•  ìˆ˜ ìžˆìŠµë‹ˆë‹¤.
- ì›ê²© ê·¼ë¬´ì— í•„ìš”í•œ ìž¥ë¹„ë¥¼ 500ë§Œì› ì˜ˆì‚° ë‚´ì— ìžìœ ë¡­ê²Œ ì„ íƒí•˜ì‹¤ ìˆ˜ ìžˆìŠµë‹ˆë‹¤.
- ê·¼ë¬´ë¥¼ ìœ„í•œ ì¹´íŽ˜ ì´ìš© ì‹œ ìŒë£Œ ë¹„ìš©, ìŠ¤í„°ë””ë£¸ í˜¹ì€ ê³µìœ ì˜¤í”¼ìŠ¤ ì´ìš© ë¹„ìš© ë“±ì„ ì§€ì›í•´ë“œë¦½ë‹ˆë‹¤.
- ì—…ë¬´ ê´€ë ¨ ì†Œí”„íŠ¸ì›¨ì–´, ë„ì„œ, ìžë£Œ, êµìœ¡ìˆ˜ê°•ë¹„ ë“± ì„±ìž¥ì— í•„ìš”í•œ ë¹„ìš©ì„ ì§€ì›í•´ë“œë¦½ë‹ˆë‹¤.
- ì§ìž¥ ë‹¨ì²´ë³´í—˜ ë° ì—° 1íšŒ ì¢…í•©ê±´ê°•ê²€ì§„ì„ ì§€ì›í•´ë“œë¦½ë‹ˆë‹¤.","ê²½ê¸° ìš©ì¸ì‹œ ìˆ˜ì§€êµ¬ ê´‘êµì¤‘ì•™ë¡œ 338, ì—ì´ë™ 821í˜¸(ìƒí˜„ë™, ê´‘êµìš°ë¯¸ë‰´ë¸Œ)",í˜„ì—… 2ë…„ ì´ìƒ ë˜ëŠ” ê·¸ì— ì¤€í•˜ëŠ” ì‹œìŠ¤í…œì„œë¹„ìŠ¤ ê°œë°œ ê²½í—˜í•˜ë‚˜ ì´ìƒì˜ í”„ë¡œê·¸ëž˜ë° ì–¸ì–´ì— ëŠ¥ìˆ™í•˜ì‹  ê°œë°œìžì˜ˆ Golang Python Typescript Java CC ë“±AWS ë“± í´ë¼ìš°ë“œ ì»´í“¨íŒ… ì†”ë£¨ì…˜ ê²½í—˜Multitenancyì™€ SaaS ì— ëŒ€í•œ ì´í•´ ë° ê²½í—˜ë°ì´í„°ë² ì´ìŠ¤ë¥¼ ì´ìš©í•œ ê°œë°œ ê²½í—˜ ì˜ˆ MariaDB PostgreSQL ë˜ëŠ” ê°ì¢… NoSQL ì‹œìŠ¤í…œ ë“±CICD ë° DevOps ì— ëŒ€í•œ ì´í•´ ë° ê²½í—˜í›Œë¥­í•œ ì˜ì‚¬ ì†Œí†µ ëŠ¥ë ¥Frontend engineerWeb application ê°œë°œ ê²½í—˜ì´ ìžˆìœ¼ì‹  ê°œë°œìžReactjs ë˜ëŠ” Vuejs ì‚¬ìš© ê²½í—˜ì—¬ëŸ¬ íŒ€ì´ ì‚¬ìš©í•  ìˆ˜ ìžˆëŠ” ê³µí†µ ëª¨ë“ˆ ë˜ëŠ” í”„ë ˆìž„ì›Œí¬ ê°œë°œ ê²½í—˜Backend engineerGolang ë˜ëŠ” Python ì„ ì´ìš©í•œ ì„œë²„ ê°œë°œ ê²½í—˜Scalable í•œ large scale ì‹œìŠ¤í…œ ê°œë°œ ë° ìš´ì˜ ê²½í—˜ê³µí†µìŠ¤íƒ€íŠ¸ì—…ì—ì„œ Full stack engineer ë¡œ ê·¼ë¬´í•œ ê²½í—˜Kaggle ë“±ì˜ AI Competition ì°¸ì—¬ ê²½í—˜ í˜¹ì€ AI ê´€ë ¨ ì§€ì‹ ë³´ìœ ìžACMICPC Google codejam Facebook hackercup or Topcoder ë“± Problem solving ëŒ€íšŒ ê²½í—˜ë¨¸ì‹ ëŸ¬ë‹ ëª¨ë¸ì„ í•™ìŠµí•´ë³´ê±°ë‚˜ êµ¬í˜„ì²´ë¥¼ ì´í•´í•  ìˆ˜ ìžˆëŠ” ë¶„,5024
(ì£¼)ëª¨ë‘ì»´í¼ë‹ˆ,ì •ê·œì§,"['Javascript', 'HTML', 'CSS', 'react', 'typescript']","ì˜ì¹´ ìœ ë‹ˆë²„ìŠ¤ëŠ” ë””ì§€í„¸ í”Œëž«í¼ì„ ì¤‘ì‹¬ìœ¼ë¡œ ìƒˆë¡œìš´ ëª¨ë¹Œë¦¬í‹° ìƒíƒœê³„ë¥¼ ë§Œë“­ë‹ˆë‹¤. ì´ë™ê³¼ ì´ë™ì„ ì—°ê²°í•˜ê³  ìƒˆë¡œìš´ ê¸°ìˆ ì„ ì„œë¹„ìŠ¤í™” í•˜ê¸°ìœ„í•´ ì—­ëŸ‰ ìžˆëŠ” íŒŒíŠ¸ë„ˆë“¤ê³¼ ìƒˆë¡œìš´ ëª¨ë¹Œë¦¬í‹° ìƒíƒœê³„ë¥¼ ë§Œë“¤ê³  ìžˆìŠµë‹ˆë‹¤.

ì˜ì¹´ ìœ ë‹ˆë²„ìŠ¤ì—ì„œ ì£¼ì°¨ í”Œëž«í¼ ë¶„ì•¼ë¥¼ ë§¡ê³ ìžˆëŠ” ëª¨ë‘ì˜ì£¼ì°¨ìž¥ì€ êµ­ë‚´ 1ìœ„ ì˜¨ë¼ì¸ ì£¼ì°¨ ì„œë¹„ìŠ¤ë¡œ ì£¼ì°¨ìž¥ ì •ë³´, ì£¼ì°¨ ì œíœ´ì„œë¹„ìŠ¤ë¥¼ ì œê³µí•˜ë©°, ì „êµ­ 40ì—¬ê°œ ë„ì‹œì—ì„œ ì£¼ì°¨ë¡œ ë°œìƒí•˜ëŠ” ì´ë™ ë¬¸ì œë¥¼ í•´ê²°í•˜ê³  ìžˆìŠµë‹ˆë‹¤.

ìƒˆë¡œìš´ ëª¨ë¹Œë¦¬í‹° ìƒíƒœê³„ë¥¼ ì£¼ë„í•  ìˆ˜ ìžˆëŠ” ì—´ì •ìžˆëŠ” ì—¬ëŸ¬ë¶„ë“¤ì„ ê¸°ë‹¤ë¦¬ê³  ìžˆìŠµë‹ˆë‹¤.", ëª¨ë‘ì˜ ì£¼ì°¨ìž¥ ì›¹ ê¸°ë°˜ ì„œë¹„ìŠ¤ ê°œë°œ ì›¹ í”„ë¡ íŠ¸ì—”ë“œ ê¸°ìˆ Javascript TypeScript Vuejs ë“±ì„ ì´ìš©,,"- ìœ ì—°ê·¼ë¬´ì œ : 10ì‹œ ì¶œê·¼ì„ ê¸°ë³¸ìœ¼ë¡œ í•˜ë˜, ë§¤ì¼ ìœ ë™ì ìœ¼ë¡œ ë³€ê²½ì´ ê°€ëŠ¥
- ì‹œê°„ì œì—°ì°¨ : ë°˜ë°˜ì°¨(2ì‹œê°„ íœ´ê°€) ì‚¬ìš©ì´ ê°€ëŠ¥
- ë¦¬í”„ë ˆì‰¬ : 3ë…„ ì´ìƒ ê·¼ì†ì‹œ 2ì£¼ê°„ íœ´ê°€ ë° íœ´ê°€ë¹„ ì§€ê¸‰
- ë¬¸í™”ë¹„ : ì·¨ë¯¸,ìš´ë™,ì—¬í–‰ë“±ì˜ ì—¬ê°€í™œë™ì„ ìœ„í•´ ë§¤ë‹¬ 10ë§Œì›ì”© ì§€ì›
- ê±´ê°•ê²€ì§„ : ìž„ì§ì›ì˜ ê±´ê°•ì„ ìœ„í•´ ë§¤ë…„ ê±´ê°•ê²€ì§„ ì§€ì›
- ì—…ë¬´ìž¥ë¹„ : ë§¥ë¶ í”„ë¡œ, ë“€ì–¼ ëª¨ë‹ˆí„° ë“± ê°œë°œ ìµœì‹  ìž¥ë¹„ ì§€ì›
- ì—…ë¬´ê³µê°„ : ì¾Œì í•˜ê²Œ ì¼í•  ìˆ˜ ìžˆëŠ” ì‚¬ë¬´ê³µê°„, íšŒì˜ì‹¤, ì¹´íŽ˜í…Œë¦¬ì•„ ë“±ì˜ ì‚¬ë¬´ê³µê°„
- ê°„ì‹ì œê³µ : ë§¤ì›” ìƒˆë¡œìš´ ê°„ì‹ì˜ ìŠ¤ë‚µë°” ë° ìŒë£Œëƒ‰ìž¥ê³  ì œê³µ
- ìžê¸°ê³„ë°œ : ì˜¨/ì˜¤í”„ë¼ì¸ êµìœ¡, ë„ì„œêµ¬ìž…, ì‚¬ë‚´ ìŠ¤í„°ë”” ì§€ì›
- êµí†µíŽ¸ì˜ : ì§€í•˜ì²  ì„œìš¸ìˆ²ì—­ ì—°ê²°","ì„œìš¸ ì„±ë™êµ¬ ì™•ì‹­ë¦¬ë¡œ 115, 8ì¸µ", ì›¹ í”„ë¡ íŠ¸ì—”ë“œ ê°œë°œ ê²½ë ¥ 3ë…„ ì´ìƒ ê¸°ë³¸ì ì¸ ì§€ì‹HTML CSS JavaScript TypeScript ë¸Œë¼ìš°ì € ë™ìž‘ì›ë¦¬ ì— ê¹Šì€ ì´í•´ê°€ ìžˆìœ¼ì‹  ë¶„ SPA í”„ë ˆìž„ì›Œí¬React Vue Angular ëŠ¥ìˆ™í•˜ê²Œ ì‚¬ìš©í•˜ì‹œëŠ” ë¶„ ë°˜ì‘í˜• ë””ìžì¸ ì›¹ ì ‘ê·¼ì„± ì›¹ í‘œì¤€ì„ ê³ ë ¤í•œ UI ê°œë°œ ê²½í—˜ì´ ìžˆëŠ” ë¶„ íŒ€ì›ë“¤ê³¼ì˜ ì½”ë“œ ë¦¬ë·°ë¥¼ í†µí•´ ì½”ë“œ í’ˆì§ˆì„ ê°œì„ í•˜ëŠ” ìž‘ì—…ì— ê´€ì‹¬ ë§Žìœ¼ì‹  ë¶„ ë‹¤ë¥¸ ë¶€ì„œì˜ íŒ€ì›ê³¼ ì ê·¹ì ìœ¼ë¡œ ì˜ì‚¬ì†Œí†µí•˜ê³ ìž í•˜ì‹œëŠ” ë¶„ API ì„œë²„ì— ëŒ€í•œ ì´í•´ê°€ ìžˆëŠ” ë¶„ ê¸°ì¡´ ì†ŒìŠ¤ ì½”ë“œë¥¼ ìƒˆë¡œìš´ ì½”ë“œë¡œ ì ì§„ì ìœ¼ë¡œ ì´ê´€í•œ ê²½í—˜ì´ ìžˆëŠ” ë¶„ ìƒˆë¡œìš´ ê¸°ìˆ ì„ ì ê·¹ì ìœ¼ë¡œ ì°¾ì•„ë³´ì‹œê³  ë¹„íŒì ìœ¼ë¡œ ë„ìž…í•œ ê²½í—˜ì´ ìžˆëŠ” ë¶„ í”„ë¡ íŠ¸ì—”ë“œ ë°°í¬ í™˜ê²½ì„ ê¹Šì´ ì´í•´í•˜ê³  ê³„ì‹  ë¶„ íš¨ìœ¨ì ì´ê³  ìž¬ì‚¬ìš©ê°€ëŠ¥í•œ ë””ìžì¸ì‹œìŠ¤í…œì„ êµ¬ì¶•í•´ë³¸ ë¶„,5053
(ì£¼)í•íŽ«,ì •ê·œì§,"['HTML', 'CSS', 'react', 'typescript', 'Next.js', 'react-query']","í•íŽ«ì€ ë°˜ë ¤ë™ë¬¼ ì˜ë£Œ, ìœ í†µ, ì„œë¹„ìŠ¤, ë³´í—˜ë¶€í„° ì‡¼í•‘ëª°ê¹Œì§€ ë°˜ë ¤ë™ë¬¼ì— ê´€í•œ ëª¨ë“  ë¶„ì•¼ì— í˜ì‹ ì  ì†”ë£¨ì…˜ì„ ì œê³µí•˜ëŠ” 'íŽ« ë¼ì´í”„ì¼€ì–´ í”Œëž«í¼'ìž…ë‹ˆë‹¤. ì‚¬ë‚´ ì—°êµ¬ì†Œì—ì„œ ìžì²´ ì œìž‘í•œ ë°˜ë ¤ë™ë¬¼ í—¬ìŠ¤í‚¤íŠ¸ 'ì–´í—¤ë“œ'ë¥¼ ì‹œìž‘ìœ¼ë¡œ í•íŽ«ëª°ê³¼ ë³‘ì› ì˜ˆì•½ ì„œë¹„ìŠ¤ë¥¼ ë¡ ì¹­ í•˜ì˜€ê³  ë™ë¬¼ ë“±ë¡, ë¯¸ìš© ì˜ˆì•½ ì„œë¹„ìŠ¤ê¹Œì§€ ì¶”ê°€ ë¡ ì¹­í•˜ë©° ë°˜ë ¤ë™ë¬¼ ì—…ê³„ ìœ ì¼ì˜ 'All-around' ì„œë¹„ìŠ¤ë¡œ í™•ìž¥í•´ ë‚˜ê°€ê³  ìžˆìŠµë‹ˆë‹¤.

2021ë…„ 7ì›” ""ì˜ˆë¹„ìœ ë‹ˆì½˜""ì„ ì •, ëˆ„ì  íˆ¬ìž ê¸ˆì•¡ 600ì–µì›, ë§¤ë…„ 100% ì´ìƒì˜ ì¸ì  í™•ìž¥ìœ¼ë¡œ ë¹ ë¥´ê²Œ ì„±ìž¥í•˜ê³  ìžˆìœ¼ë©°, í•íŽ«ê³¼ í•¨ê»˜ ìµœê³ ì˜ ê²°ê³¼ë¥¼ ë§Œë“¤ì–´ ë‚¼ ì˜ˆë¹„ í•íŽ«í„°ì¦ˆ ì—¬ëŸ¬ë¶„ì˜ ë§Žì€ ì§€ì›ì„ ê¸°ë‹¤ë¦½ë‹ˆë‹¤.",ì§€ì›ìžì˜ ê²½í—˜ê³¼ ë¬¸ì œí•´ê²°ëŠ¥ë ¥ ê´€ì‹¬ë¶„ì•¼ì— ë”°ë¼ ì ì ˆí•œ ìŠ¤ì¿¼ë“œì—ì„œ React í”„ë¡ íŠ¸ì—”ë“œ ê°œë°œì„ ì§„í–‰í•©ë‹ˆë‹¤ ì´ˆê¸° í”„ë¡œí† íƒ€ì´í•‘ MVP ì •ì‹ ì¶œì‹œì— ì´ë¥´ê¸°ê¹Œì§€ ì œí’ˆ ê¸°íšê³¼ ê°œë°œ ì „ ê³¼ì •ì— ì°¸ì—¬í•©ë‹ˆë‹¤ ë‹¨ìˆœížˆ í™”ë©´ ë° ì•¡ì…˜ì— ëŒ€í•œ ì¼ë°©ì ì¸ ì—…ë¬´ ë¿ ì•„ë‹ˆë¼ PO Product Designer ë°±ì—”ë“œ ê°œë°œìžì™€ ì˜ì‚¬ì†Œí†µì„ í†µí•´ í”„ë¡œí† ì½œì„ ì •ì˜í•˜ë©° ìœ ì—°í•˜ê²Œ í”„ë¡ íŠ¸ ê°œë°œì„ í•©ë‹ˆë‹¤ íŠ¹ì • ì„œë¹„ìŠ¤ì˜ ê²½ìš° ëŒ€ê·œëª¨ íŠ¸ëž˜í”½ê³¼ ë§Žì€ ë°ì´í„° ì²˜ë¦¬ë¥¼ ëŒ€ì‘í•˜ëŠ” ê°œë°œ ê°œì„  ìž‘ì—…ì— ì°¸ì—¬í•©ë‹ˆë‹¤ ,"ì„œë¥˜ì ‘ìˆ˜  > 1ì°¨ ì§ë¬´ ì¸í„°ë·° > 2ì°¨ ì»¬ì²˜í• ì¸í„°ë·° > ì²˜ìš°í˜‘ì˜ > ìµœì¢…í•©ê²©
* í•„ìˆ˜ ì œì¶œ ì„œë¥˜ : ìžìœ  ì–‘ì‹ì˜ ì´ë ¥ì„œ ë˜ëŠ” ê²½ë ¥ê¸°ìˆ ì„œ (PDF í˜•ì‹ ê¶Œìž¥)
* ì§€ì›í•˜ëŠ” í¬ì§€ì…˜ì— ë”°ë¼ ë ˆí¼ëŸ°ìŠ¤ ì²´í¬, ê³¼ì œ ë˜ëŠ” ì½”ë”© í…ŒìŠ¤íŠ¸ ì „í˜•ì´ ì¶”ê°€ë  ìˆ˜ ìžˆìŠµë‹ˆë‹¤.
* ë¦¬ë” í¬ì§€ì…˜ì˜ ê²½ìš° ì¶”ê°€ ë©´ì ‘ì´ ì§„í–‰ë  ìˆ˜ ìžˆìŠµë‹ˆë‹¤.","- ë§¤ì›” ì²« ë²ˆì§¸ ê¸ˆìš”ì¼ì€ í•íŽ«í„°ì¦ˆ ì‰¬ëŠ” ë‚  (ë†€ê¸ˆì œë„)ë¡œ ìš´ì˜í•©ë‹ˆë‹¤.
- ìœ ì—°ê·¼ë¬´ì œ (ì˜¤ì „ 9ì‹œ ~ 11ì‹œ)ë¥¼ ìš´ì˜í•©ë‹ˆë‹¤.
- ë°˜ë°˜ì°¨ ìš´ì˜ ë° ì¡¸ì—…, ì´ì‚¬ íœ´ê°€ë¥¼ ì§€ì›í•©ë‹ˆë‹¤.
- ìµœê³  ì—…ë¬´ í™˜ê²½ì„ ì œê³µí•©ë‹ˆë‹¤. (í—ˆë¨¼ë°€ëŸ¬ ì˜ìž ë“±)
- ì‹ì‚¬ëŠ” ë“ ë“ í•˜ê²Œ, ë§¤ì¼ ë‹¤ì„¯ ê°€ì§€ì˜ ë‹¤ì–‘í•œ ì¤‘ì‹ ì„œë¹„ìŠ¤ë¥¼ ì œê³µí•©ë‹ˆë‹¤.
- ë¬´ì œí•œ ê°„ì‹, ìŒë£Œë¥¼ ì œê³µí•©ë‹ˆë‹¤.
- ê²½ì¡°ì‚¬ë¥¼ ì§€ì›í•©ë‹ˆë‹¤. (ê²½ì¡°íœ´ê°€, ê²½ì¡°ê¸ˆ, ê²½ì¡°ë¬¼í’ˆ ë“±)
- ì¶œìž¥, ì™¸ê·¼, ì•¼ê·¼ ì‹œ êµí†µë¹„ë¥¼ ì§€ì›í•©ë‹ˆë‹¤.
- ì¹´ì‰ì–´ë§ ì„œë¹„ìŠ¤ ì§ì› í• ì¸ê°€ì— ì œê³µí•©ë‹ˆë‹¤.
- ì¼ì • ë¹„ìš© í•œë„ ë‚´ ë„ì„œêµ¬ìž… ë° ìžê¸°ê°œë°œë¹„ë¥¼ ì§€ì›í•©ë‹ˆë‹¤.
- íŽ¸ì•ˆí•˜ê²Œ ì‰´ ìˆ˜ ìžˆëŠ” íœ´ì‹ ê³µê°„ ì œê³µí•©ë‹ˆë‹¤. (ì•ˆë§ˆì˜ìž ë“±)
- í•íŽ«í„°ì¦ˆ ìƒì¼ ì¶•í•˜ ì„ ë¬¼ì„ ì œê³µí•©ë‹ˆë‹¤.
- í•íŽ«í„°ì¦ˆì˜ ê±´ê°•í•œ ì¼ìƒì„ ìœ„í•´ ë§¤ë…„ ê±´ê°•ê²€ì§„ì„ ì§€ì›í•©ë‹ˆë‹¤.
- í•íŽ«í„°ì¦ˆ ì „ìš© ë°˜ë ¤ë™ë¬¼ ìœ ì¹˜ì›ì„ ìš´ì˜í•©ë‹ˆë‹¤.
- ë°˜ë ¤ê°€ì¡± ìž…ì–‘ ì§€ì› ë° ë°˜ë ¤ë™ë¬¼ ìž¥ë¡€ë¹„ìš©ì„ ì§€ì›í•©ë‹ˆë‹¤.
- ë™ë¬¼ë³‘ì› ì§„ë£Œë¹„ í• ì¸ ì§€ì› ë° í•íŽ«ëª° ì œí’ˆ í• ì¸ì„ ì œê³µí•©ë‹ˆë‹¤.",ì„œìš¸ì‹œ ê°•ë‚¨êµ¬ í…Œí—¤ëž€ë¡œ 107ê¸¸ 6, 5ë…„ ì´ìƒì˜ í”„ë¡ íŠ¸ì—”ë“œ ê°œë°œ ê²½í—˜ ë˜ëŠ” ê·¸ì— ì¤€í•˜ëŠ” ì—­ëŸ‰ì„ ë³´ìœ í•˜ì‹  ë¶„ HTMLCSSTypeScriptì— ëŠ¥ìˆ™í•˜ì‹  ë¶„ React SSR ì— ëŒ€í•œ ì´í•´ ë° ê²½í—˜ì´ ìžˆìœ¼ì‹  ë¶„ ì£¼ë„ì ì¸ ì¼ì •ê´€ë¦¬ê°€ ê°€ëŠ¥í•˜ì‹  ë¶„ ì±…ìž„ê°ì„ ê°–ê³  ê³„ì‹  ë¶„ HTML CSS ë“± W3C ì›¹ í‘œì¤€ ê·œê²©ì— ëŒ€í•œ ì´í•´ë„ê°€ ë†’ìœ¼ì‹  ë¶„ í’€ìŠ¤íƒ ê°œë°œ ê²½í—˜ì„ ë³´ìœ í•˜ì‹  ë¶„ ìžì‹ ì˜ ë‹¨ì ì„ ê³µìœ í•˜ê³  ìž¥ì ìœ¼ë¡œ ë°”ê¿” ë‚˜ê°ˆ ìˆ˜ ìžˆëŠ” ì˜ì§€ê°€ ìžˆìœ¼ì‹  ë¶„ ê¸ì •ì ì´ê³  ì ê·¹ì ì¸ ì»¤ë®¤ë‹ˆì¼€ì´ì…˜ ìŠ¤í‚¬ì´ ìžˆìœ¼ì‹  ë¶„ ë¦¬ë”ì‹­ê³¼ íŒ”ë¡œì›Œì‹­ì˜ ë°¸ëŸ°ìŠ¤ë¥¼ ê°–ì¶”ì‹  ë¶„,5065
